fid,GRID_CODE,DATA_INCEN,CODI_FINAL,MUNICIPI,XMIN,XMAX,YMIN,YMAX,ANY,AREA
"1","2",07/02/00,"2000250012",La Guingueta d'Àneu,1.1372874263,1.14507980682,42.6205902232,42.6325,"2000",0.410001272274505
"2","2",13/03/02,"2002250044",El Pont de Suert,0.71765173061,0.73140764327,42.4297043507,42.4368,"2002",0.43937637505679
"3","2",05/04/10,"2010250091",Albesa,0.61378069767,0.62065929771,41.7709058686,41.7787,"2010",0.176250550948349
"4","2",11/11/13,"2013170102",Vilopriu,2.98128947364,3.01740701488,42.0337172554,42.1187,"2013",7.33691615456563
"5","2",24/06/06,"2006430038",Montblanc,1.11050546614,1.13456515119,41.3821406243,41.3952,"2006",0.294833492319678
"6","2",07/04/00,"2000080098",Sant Llorenç Savall,2.043485124,2.05227562345,41.6867191651,41.6932,"2000",0.286250889642639
"7","2",12/10/97,"4397095",Mont-Roig del Camp,0.93247296935,0.94022936186,41.0374000761,41.0429,"1997",0.202500629463966
"8","2",19/07/86,"178600064",La Jonquera,2.82335228982,3.12617497458,42.3038077714,42.467,"1986",152.229172680875
"9","2",28/06/89,B89007008,SANT MATEU DE BAGES,1.72190384578,1.72825218868,41.8343395507,41.8382,"1989",0.121250379813912
"10","2",30/03/05,"2005430090",RiudecANYTXTes,0.95767171229,0.96938623589,41.1336127654,41.1413,"2005",0.415001289487108
"11","2",29/07/00,"2000080203",Olèrdola,1.75346370892,1.7801081614,41.3335758473,41.3487,"2000",0.8537526817825
"12","2",09/02/00,"2000430110",Cabra del Camp,1.28930290197,1.3004345152,41.3962789008,41.4021,"2000",0.286875882455163
"13","2",26/07/17,"2017080144",Bellprat,1.44706999947,1.45586299952,41.495629,41.5014,"2017",0.22839481833151
"14","2",13/05/05,"2005430098",Bonastre,1.4470959127,1.4491835533,41.2386356247,41.2423,"2005",0.0400001223774567
"15","2",06/07/86,"438600284",Vilaverd,1.10368359209,1.20535964082,41.2757354145,41.364,"1986",32.4631007008423
"16","2",26/07/15,"2015080225",Òdena,1.66320707128,1.75911488562,41.620782295,41.6604,"2015",12.6320691485722
"17","2",13/02/97,"4397002",L'Espluga de Francolí,1.12880189411,1.13868040951,41.4125581843,41.4193,"1997",0.235868991034205
"18","2",19/02/98,"1998250018",La Vall de Boí,0.87706697567,0.89129947258,42.5085597336,42.514,"1998",0.380876175713505
"19","2",17/04/92,"924300035",el Montmell,1.41588806239,1.46763616918,41.27713793,41.3162,"1992",8.33762576899887
"20","2",21/07/02,"2002080139",El Bruc,1.80493212335,1.81061762683,41.5841955249,41.5944,"2002",0.233750725313647
"21","2",17/07/09,"2009250099",Cervera,1.25316301553,1.31310609705,41.6938995972,41.7101,"2009",3.44821074568122
"22","2",14/07/94,"894368",Viladecans,1.98737796657,1.99505593664,41.318263131,41.3243,"1994",0.203150625661729
"23","2",23/05/10,"2010250092",Albesa,0.61580079054,0.623380707,41.7644063077,41.7722,"2010",0.176875555573577
"24","2",14/08/13,"2013430115",Aiguamúrcia,1.41145948174,1.42107365596,41.3811687925,41.3953,"2013",0.684038754472183
"25","2",29/10/16,"2016250055",La Guingueta d'à€neu,1.09488841397,1.15312420263,42.6511299286,42.6834,"2016",6.32208198193561
"26","2",28/08/17,"2017250079",Vinaixa,0.95418505322,0.96468858598,41.4234083883,41.4306,"2017",0.337312421022404
"27","2",04/04/99,"1999430061",Montblanc,1.1858335221,1.19266104876,41.3478833101,41.3605,"1999",0.320626002618496
"28","2",27/07/94,"4394174",Sarral,1.25877004494,1.29887663241,41.4210618859,41.4537,"1994",4.48291397299379
"29","2",07/08/03,"2003080257",Copons,1.48225403631,1.49637396518,41.6377986732,41.6439,"2003",0.42500129952557
"30","2",13/06/06,"2006430100",Alforja,0.97496402684,0.98207684195,41.2229771411,41.2309,"2006",0.288125885217336
"31","2",02/08/07,"2007430112",Benifallet,0.44522668926,0.45242983751,40.9584390371,40.9656,"2007",0.102500317156272
"32","2",10/08/94,"894370",Mediona,1.61675645635,1.66148510532,41.4671532551,41.4873,"1994",4.05541248226927
"33","2",24/06/94,"894326",Tiana,2.25756957512,2.27066269197,41.4949648653,41.5056,"1994",0.663902048349823
"34","2",15/07/98,"1998250142",La Granja d'Escarp,0.34114264813,0.34674470272,41.3854607417,41.3909,"1998",0.150625468846623
"35","2",26/06/01,"2001250037",Estaràs,1.38673261824,1.40663557453,41.7203238337,41.7329,"2001",0.592501813097405
"36","2",01/08/91,L91023015,Oliola,1.12396214747,1.14274080935,41.8862237752,41.8982,"1991",0.375626149563872
"37","2",13/07/15,"2015170076",PORTBOU,3.15636480058,3.16484601022,42.4294968667,42.4346,"2015",0.201181065004934
"38","2",29/06/09,"2009080285",Sant Joan de Vilatorrada,1.80095974283,1.81301863164,41.7838044623,41.8,"2009",0.72759217978305
"39","2",14/07/94,"894445",Montcada i Reixac,2.19945803338,2.23664891941,41.4800428807,41.5083,"1994",4.14091273773867
"40","2",18/05/05,"2005250099",Torres de Segre,0.51819915843,0.53355727588,41.5436210011,41.5514,"2005",0.153125477634237
"41","2",24/02/95,"2595010",Almatret,0.36096198295,0.37166877069,41.3232084812,41.3269,"1995",0.231250717849244
"42","2",18/08/1993,"930800281",Sant Fost de Campsentelles,2.24094539661,2.24610041656,41.5034199995,41.5095,"1993",0.121250376446391
"43","2",29/08/15,"2015430118",CORNUDELLA DE MONTSANT,0.87730311715,0.88559734816,41.2682847463,41.2802,"2015",0.294375000000006
"44","2",02/07/09,"2009250097",Les Olugues,1.30500189072,1.34974839313,41.6989024333,41.7172,"2009",2.29332015840793
"45","2",17/08/87,T0870049,La Morera de Montsant,0.77845749331,0.81485033291,41.2312884482,41.2714,"1987",5.82661795782455
"46","2",21/07/91,B91013009,Barcelona,2.08350141528,2.10087491484,41.3870386283,41.3945,"1991",0.771877391579317
"47","2",29/06/94,"894262",Montcada i Reixac,2.19539754542,2.20400059434,41.485293823,41.4924,"1994",0.300052074412653
"48","2",01/03/00,"2000430128",Amposta,0.55751838114,0.5694793965,40.6712322196,40.6789,"2000",0.383126192660515
"49","2",23/06/17,"2017080078",Esparraguera,1.85967206585,1.86482316834,41.5168832058,41.52,"2017",0.0650114173561736
"50","2",30/05/89,B89017006,SITGES,1.92745230059,1.93460119025,41.277312355,41.2839,"1989",0.218125679981452
"51","2",04/07/07,"2007430104",Mont-roig del Camp,0.92821494127,0.96832663786,41.0188646278,41.045,"2007",3.68813648585923
"52","2",08/03/12,"2012250163",El Pont de Suert,0.78925867986,0.81611679653,42.3577242304,42.3755,"2012",1.8518807386982
"53","2",19/04/13,"2013430121",Pradell de la Teixeta,0.88859735704,0.90582388933,41.1624283318,41.1689,"2013",0.548348575047689
"54","2",06/07/86,"258600181",Sant Guim de Freixenet,1.43869596114,1.65870596122,41.6097935008,41.728,"1986",78.5559437555784
"55","2",09/04/94,"894059",Olivella,1.79855523252,1.92631015463,41.2426009078,41.3268,"1994",44.5663386726117
"56","2",06/08/02,"2002250122",Almatret,0.38827322421,0.39807061647,41.3436800324,41.3489,"2002",0.283750887329355
"57","2",08/09/01,"2001080301",Sant Fruitós de Bages,1.87781460863,1.89041695101,41.7215819436,41.7266,"2001",0.291875901705281
"58","2",02/03/95,"4395000",Vandellós-Hospitalet de l'Infant,0.81952790755,0.85626147463,40.9431840359,40.956,"1995",1.33560414158034
"59","2",21/06/06,"2006430099",Vallclara,1.01146766401,1.02651394751,41.3679766239,41.3851,"2006",1.22562882939829
"60","2",11/07/05,"2005080234",Viladecans,2.01357667728,2.02620054631,41.3280277664,41.3417,"2005",0.643127012663408
"61","2",19/07/86,"178600061",Vilademuls,2.85194948231,2.87229298722,42.1300600431,42.1498,"1986",1.54350478179281
"62","2",31/07/89,B89003022,FONT-RUBà,1.5915708884,1.60270955603,41.4371815076,41.4612,"1989",1.00980313119058
"63","2",22/06/01,"2001250030",Camarasa,0.93396053175,0.95833282132,41.8679032783,41.8918,"2001",2.21063188752018
"64","2",20/06/94,"894196",Barcelona,2.14777097095,2.15940118156,41.4421627116,41.4512,"1994",0.377501180546349
"65","2",06/04/94,"4394059",Batea,0.25703501976,0.26761022949,41.090841237,41.0977,"1994",0.230625719660706
"66","2",09/11/07,"2007170152",Cantallops,2.91418642497,2.92087308039,42.4105832693,42.4144,"2007",0.100300308431106
"67","2",09/03/06,"2006430006",Tarragona,1.32985592444,1.34088557614,41.1433788923,41.1483,"2006",0.285625890167653
"68","2",14/09/94,"4394230",La Pobla de Massaluca,0.25942761507,0.47687955268,41.148557896,41.2293,"1994",65.0833267095791
"69","2",30/07/91,T91036019,Salou,1.14949476827,1.1560013183,41.0780705297,41.0824,"1991",0.1331254083628
"70","2",16/09/94,"4394236",Rodonyà,1.42640881314,1.48076699905,41.2109771486,41.2897,"1994",13.6058020377529
"71","2",08/07/05,"2005080231",Cardona,1.71329863749,1.75790429034,41.8910926466,41.9548,"2005",11.2719099350018
"72","2",20/02/12,"2012250161",LA TORRE DE CABDELLA,0.95858941646,0.9905057858,42.4548411782,42.4693,"2012",1.00705308606953
"73","2",03/08/91,B91007025,Fonollosa,1.62762548289,1.63412537986,41.757191062,41.7634,"1991",0.2160006723129
"74","2",04/07/07,"2007080064",Navàs,1.71491253944,1.73642365686,41.8786143519,41.8985,"2007",2.26125699093581
"75","2",29/07/07,"2007430096",La Fatarella,0.5372804362,0.54573471809,41.0984001409,41.1055,"2007",0.278125876079
"76","2",09/05/95,"1795082",Brunyola,2.66918347403,2.67401404884,41.8985567465,41.9042,"1995",0.121875377594865
"77","2",03/07/94,"894306",Bigues i Riells,2.17090145591,2.28311669379,41.68656284,41.7394,"1994",24.0688862946727
"78","2",13/08/03,"2003080294",Olèrdola,1.69686342248,1.72054506059,41.2997503634,41.3158,"2003",1.26187891176318
"79","2",18/08/86,"088600576",El Bruc,1.73572889741,1.76854323339,41.5672779477,41.583,"1986",2.51375775396375
"80","2",07/03/17,"2017430034",Roquetes,0.4659186215,0.47536489878,40.7839466134,40.7866,"2017",0.11279664848889
"81","2",11/02/98,"1998250012",La Vall de Boí,0.83281966809,0.85668598095,42.4899490723,42.504,"1998",0.832502561806157
"82","2",02/08/86,"258600207",Vinaixa,0.96671637019,0.97861432773,41.4506426027,41.4598,"1986",0.343751063520858
"83","2",04/07/17,"2017080108",Palau-Solità  i Plegamans,2.18380166681,2.18938833365,41.5855083339,41.5946,"2017",0.165334596636729
"84","2",16/06/01,"2001080120",Badalona,2.22831709827,2.23825714407,41.483632826,41.4928,"2001",0.371876148547714
"85","2",17/07/91,L91023011,Cubells,0.98492419072,1.00477166321,41.8616006615,41.8777,"1991",0.573126778146841
"86","2",16/09/88,G0880128,Pals,3.15213715156,3.18036201724,41.9530235342,41.9668,"1988",1.26090391897602
"87","2",28/07/10,"2010080166",CastellBell i el Vilar,1.87343938242,1.88121632767,41.64247582,41.6508,"2010",0.26562582667816
"88","2",08/03/12,"2012250159",Coll de Nargó,1.26012615325,1.2721907479,42.2001383764,42.2063,"2012",0.271445135262803
"89","2",07/08/03,"2003170112",Maçanet de la Selva,2.68815709714,2.70078940295,41.7815226004,41.7935,"2003",0.732502274043978
"90","2",02/08/01,"2001080222",La Garriga,2.28573030076,2.29079355417,41.7017760021,41.7086,"2001",0.129375399232791
"91","2",31/07/91,B91014014,Santa Maria de Merlès,1.95491746026,1.96155599715,41.9488438803,41.9515,"1991",0.0712502209612661
"92","2",06/05/97,"4397110",Cunit,1.63413248218,1.6487774407,41.2064540193,41.2122,"1997",0.350001078266848
"93","2",04/07/94,"894494",Castellbisbal,1.92062806511,2.00911083884,41.4809262047,41.5301,"1994",13.8807431823878
"94","2",12/08/94,"4394189",Vandellòs i l'Hospitalet de l'Infant,0.83351520316,0.84453928452,40.9658610929,40.9804,"1994",0.804602485172877
"95","2",10/02/99,"1999430010",Tortosa,0.59958727737,0.61779929442,40.8393341663,40.8499,"1999",0.71203347354248
"96","2",10/07/91,L91023010,Os de Balaguer,0.61016509394,0.64303378528,41.9136398001,41.9361,"1991",2.64960823088288
"97","2",30/07/98,"1998250085",Navès,1.65483127975,1.66832880138,42.0943414972,42.1044,"1998",0.592301840660329
"98","2",25/07/89,T89001005,Aiguamúrcia,1.39851513771,1.41835683003,41.3724119792,41.3945,"1989",2.10330652191755
"99","2",17/06/17,"2017250114",Artesa de Lleida,0.67180317241,0.68940564611,41.5431972975,41.5514,"2017",0.899317510815427
"100","2",27/02/11,"2011250015",Tremp,0.90356956024,0.91162983437,42.1323635496,42.1407,"2011",0.19250059151132
"101","2",16/09/94,"4394235",Querol,1.42610225246,1.44181849311,41.3799208135,41.3863,"1994",0.488701530554575
"102","2",20/06/09,"2009170156",Pals,3.1531266831,3.15789020884,41.9584241775,41.9671,"2009",0.212141111904252
"103","2",05/01/17,"2017250001",Naut Aran,0.82067970037,0.86312835836,42.7032497495,42.7278,"2017",4.32301823047206
"104","2",19/07/98,"1998250143",Talarn,0.92098935827,0.92760161495,42.1888829026,42.1997,"1998",0.305625952568293
"105","2",29/06/11,"2011430018",el Vendrell,1.54900836858,1.55404397898,41.1921960333,41.1969,"2011",0.1072692143987
"106","2",23/08/03,"2003170151",Girona,2.83853779948,2.84276981548,41.9758559946,41.9815,"2003",0.122500378569879
"107","2",28/07/03,"2003430046",Barberà de la Conca,1.23407236189,1.2401600947,41.3917497251,41.398,"2003",0.194375600011826
"108","2",18/07/91,B91007013,Sallent,1.87637376266,1.90289674132,41.7723320587,41.7946,"1991",1.38690428813339
"109","2",10/08/94,"1794185",Santa Coloma de Farners,2.47795545655,2.68283835329,41.7179610041,41.8638,"1994",90.488979726473
"110","2",23/07/99,"1999170113",Biure,2.90461323517,2.91311491044,42.3369881193,42.3473,"1999",0.413751287924221
"111","2",07/07/94,"4394147",Mont-ral,1.07905304083,1.10449682258,41.2907666539,41.3084,"1994",1.86930574833671
"112","2",27/06/86,"258600170",Artesa de Segre,0.98203919799,1.02324949985,41.9217537126,41.9465,"1986",4.77361495288603
"113","2",26/02/97,"4397009",Vandellòs i L'Hospi. de l'Infant,0.87182104223,0.88699156753,40.9582160968,40.9694,"1997",0.668127063137207
"114","2",16/05/17,"2017430058",La Fatarella,0.46701529053,0.47625818724,41.1473661609,41.1554,"2017",0.0668429187504486
"115","2",04/07/94,"894515",Sant Mateu de Bages,1.63808333361,1.87898582685,41.7481436483,41.9532,"1994",160.448771792018
"116","2",26/08/13,"2013430119",Riba-Roja d'Ebre,0.39320199208,0.40394931046,41.2238104363,41.2272,"2013",0.175612464704838
"117","2",23/05/11,"2011170018",Sant Climent Sescebes,2.95602984302,2.96636515398,42.397121865,42.4086,"2011",0.30937594876855
"118","2",11/07/02,"2002080116",Castellbisbal,1.92813666433,1.94716284907,41.484192851,41.5023,"2002",1.26375391888826
"119","2",14/07/91,G91002008,El Port de la Selva,3.20834805736,3.242156194,42.3060801697,42.3369,"1991",1.72800534190488
"120","2",08/07/95,"4395099",El Montmell,1.45656106463,1.46493603908,41.3014310677,41.3091,"1995",0.328126009248664
"121","2",25/10/98,"1998430149",Flix,0.5283726915,0.53918074775,41.2469076808,41.2514,"1998",0.170000528885349
"122","2",23/07/09,"2009430124",Sarral,1.31538011092,1.33634545757,41.480199722,41.4886,"2009",0.488173482603505
"123","2",17/07/89,B89017012,OLIVELLA,1.75653609931,1.7643202334,41.3028461806,41.3087,"1989",0.160625497970416
"124","2",15/07/94,"1794126",Llagostera,2.92064548957,2.93868211133,41.7865022401,41.8092,"1994",1.24290384719988
"125","2",14/08/03,"2003170139",Llagostera,2.86100334729,2.87485514766,41.8435528392,41.8535,"2003",0.428126340775533
"126","2",24/05/10,"2010430092",Benifallet,0.49771031066,0.50509857196,40.9759672776,40.9845,"2010",0.305000940643547
"127","2",06/07/86,"088600431",Castellgalí,1.79199432003,1.83585591995,41.6740461331,41.6988,"1986",2.61270807105619
"128","2",21/08/1993,"930800371",Sant Fost de Campsentelles,2.25119238294,2.25958942103,41.499668399,41.5051,"1993",0.21750067524806
"129","2",18/08/86,"088600527",Olivella,1.82290545566,1.85449498016,41.2638707721,41.2813,"1986",1.62720505899717
"130","2",09/08/86,"178600098",Massanes,2.64160219314,2.67717700761,41.7761763846,41.8286,"1986",6.41071961865889
"131","2",20/07/86,"438600298",Tortosa,0.55235174699,0.61482444813,40.8301989157,40.8881,"1986",8.88842756775724
"132","2",17/05/86,"088600351",Navàs,1.76094448726,1.77851239532,41.8406996584,41.8766,"1986",2.53350794632642
"133","2",30/06/03,"2003430030",Calafell,1.58996105182,1.59476410792,41.2007456962,41.2057,"2003",0.121250377694776
"134","2",27/07/94,"894299",Sant Cugat del Vallès,2.01851157006,2.02564819093,41.4631744828,41.4682,"1994",0.122500378095129
"135","2",18/03/00,"2000250051",La Pobla de Cérvoles,0.86439293072,0.87046138978,41.3496836263,41.3556,"2000",0.241875761076715
"136","2",06/08/03,"2003080252",Subirats,1.83686254486,1.8407627163,41.4133595191,41.4192,"2003",0.138750433820944
"137","2",08/11/95,"4395191",Horta de Sant Joan,0.35882533203,0.37940538437,40.9487372072,40.9647,"1995",0.99180309643541
"138","2",23/06/94,"2594096",Coll de Nargó,1.28832766512,1.31176264192,42.1493128721,42.1643,"1994",1.83510562196014
"139","2",29/08/07,"2007430073",Riba-Roja d'Ebre,0.43834902234,0.45910508089,41.2520200629,41.2668,"2007",0.962128022845281
"140","2",26/09/16,"2016080237",Esplugues de Llobregat,2.09224729935,2.09770408665,41.3872585005,41.3935,"2016",0.119456893418058
"141","2",17/02/89,T89029001,ULLDEMOLINS,0.87426380004,0.88253663075,41.3358645883,41.3414,"1989",0.230000724039123
"142","2",14/04/94,"4394084",Ulldecona,0.48262929108,0.49036991026,40.5775565063,40.5886,"1994",0.311875965516219
"143","2",14/07/00,"2000430091",Vandellòs i l'Hospitalet de l'Infant,0.88855602522,0.89767548481,40.9717088682,40.9781,"2000",0.23062570982619
"144","2",30/04/05,"2005430092",La Palma d'Ebre,0.62028046459,0.64375249036,41.2620449169,41.2885,"2005",1.51375465959026
"145","2",31/07/91,B91007023,Rajadell,1.70903881636,1.73927981122,41.7300356313,41.7378,"1991",0.767702369070842
"146","2",08/05/08,"2008250087",Almenar,0.5907132658,0.61270270792,41.7796243596,41.7993,"2008",0.535001661907871
"147","2",18/08/86,"088600531",Vacarisses,1.8513210583,1.92144955741,41.5749393957,41.6135,"1986",9.75063063238555
"148","2",06/06/06,"2006430034",El Montmell,1.46956957464,1.48038500706,41.3299557191,41.3391,"2006",0.436876371538748
"149","2",13/07/03,"2003170079",Caldes de Malavella,2.75835317843,2.76528335815,41.8213219764,41.8411,"2003",0.555001738970704
"150","2",23/07/91,T91030007,Tivissa,0.82350914359,0.834840849,41.0769012381,41.0887,"1991",0.878752711615359
"151","2",25/07/89,T89001006,Aiguamúrcia,1.43166238452,1.45092969715,41.3612093853,41.3709,"1989",0.799208728180461
"152","2",20/08/04,"2004080134",Sant Vicenç de Castellet,1.86374450748,1.87473095731,41.6729464928,41.6762,"2004",0.169249560130767
"153","2",10/07/90,B90040027,ULLASTRELL,1.96586598582,1.97214284194,41.518034674,41.5235,"1990",0.188125583339049
"154","2",15/07/05,"2005170093",Caldes de Malavella,2.77100060241,2.77912077394,41.8403922763,41.8586,"2005",0.703127205267034
"155","2",19/07/16,"2016250022",Vallbona de les Monges,1.09430229875,1.13925556861,41.5142109134,41.5615,"2016",6.78859999999963
"156","2",17/07/14,"2014250068",Sant Guim de la Plana,1.35111448573,1.36062559961,41.7493826156,41.7583,"2014",0.460667224290412
"157","2",22/08/94,"2594160",Os de Balaguer,0.61507802454,0.63232156747,41.9658789493,41.9763,"1994",0.777602389772323
"158","2",04/07/05,"2005430135",Tivenys,0.5369614299,0.54573339955,40.9396686338,40.945,"2005",0.246875768814707
"159","2",19/07/03,"2003080211",Talamanca,1.97473627342,1.99493305826,41.7420954576,41.7585,"2003",1.62063005697209
"160","2",21/07/91,L91004012,Ribera d'Urgellet,1.40742130097,1.41471947615,42.29162356,42.2945,"1991",0.115625356344321
"161","2",21/07/89,T89030006,TIVISSA,0.65585494515,0.75061629862,40.9906371587,41.0529,"1989",22.1634687243249
"162","2",29/07/00,"2000080202",Olivella,1.77038180721,1.79117189231,41.3077344039,41.3378,"2000",2.91313402458148
"163","2",06/08/91,B91003026,Font-Rubí,1.59135022415,1.59624870773,41.4379844794,41.4508,"1991",0.237500739143464
"164","2",30/07/98,"1998430098",Pontils,1.3601675324,1.37226955745,41.4669243909,41.4799,"1998",0.702402164342548
"165","2",21/06/14,"2014250069",Oliola,1.22083582538,1.23095315504,41.9029818242,41.9157,"2014",0.547880211376163
"166","2",22/07/12,"2012170121",PORTBOU,3.15965213522,3.17242066385,42.4296556474,42.4362,"2012",0.455626419527275
"167","2",15/07/05,"2005080252",Navarcles,1.90629497485,1.91280677714,41.7691492023,41.778,"2005",0.322441806918718
"168","2",17/07/12,"2012080310",CALDERS,1.9657377505,1.97652370433,41.7787715471,41.7879,"2012",0.295260062763792
"169","2",26/05/91,L91004005,Coll de Nargó,1.22363427942,1.23653278294,42.1641237494,42.1752,"1991",0.581482595813404
"170","2",02/08/86,"258600206",Oliana,1.31817419352,1.36313065622,42.0489828383,42.0949,"1986",6.70862079992766
"171","2",08/04/99,"1999170057",Colera,3.14136059411,3.162046584,42.4034421603,42.4174,"1999",1.58875488897038
"172","2",03/08/88,T0880051,Vila-Seca,1.14745673921,1.17319432397,41.0729959535,41.0856,"1988",0.840627570113053
"173","2",19/07/86,"178600066",Avinyonet de Puigventós,2.9270309425,2.93946992903,42.2479495438,42.2651,"1986",1.01312815893591
"174","2",04/07/94,"894234",Sabadell,2.12351021985,2.17101072611,41.5638819762,41.5826,"1994",3.70531132874805
"175","2",05/07/05,"2005080219",Barcelona,2.1516858718,2.1585975607,41.4414389193,41.4457,"2005",0.0875002670053788
"176","2",07/11/09,"2009430121",Sant Jaume dels Domenys,1.53265167753,1.5548475929,41.3119431267,41.322,"2009",1.01128203241606
"177","2",30/03/90,G90031005,PARDINES,2.22827897847,2.23463808924,42.311290898,42.3162,"1990",0.15750048837479
"178","2",13/05/97,"1997080237",Sant Pere de Ribes,1.72049636069,1.75462328215,41.2580811629,41.2702,"1997",1.32620414137888
"179","2",07/07/91,T91008007,Vilanova d'Escornalbou,0.91946817713,0.93939398686,41.0933677728,41.1126,"1991",1.67850523052535
"180","2",24/06/12,"2012080307",Barcelona,2.16649498326,2.17338163892,41.4482256676,41.4518,"2012",0.102694500871914
"181","2",11/04/94,"4394132",Ulldecona,0.46124224479,0.47677577281,40.6276816351,40.6374,"1994",0.730002264791538
"182","2",03/03/05,"2005080094",Marganell,1.79063510124,1.79598724932,41.642203425,41.6485,"2005",0.147500454509174
"183","2",07/04/94,"4394061",Roquetes,0.39773736749,0.4041554227,40.7846392228,40.7919,"1994",0.251250780754278
"184","2",28/07/98,"1998080208",Barcelona,2.11350539536,2.11866337433,41.4079146949,41.4181,"1998",0.209652774131852
"185","2",11/07/06,"2006250111",Bassella,1.31870125299,1.34460697892,42.0272493277,42.0419,"2006",1.42625440774818
"186","2",22/06/89,T89037006,PRAT DE COMTE,0.44495067775,0.4969410584,40.956167637,40.9937,"1989",9.41222918537081
"187","2",14/11/04,"2004170107",Girona,2.83001171874,2.83695252464,41.9684839634,41.9752,"2004",0.153750475759113
"188","2",09/04/94,"894060",Sitges,1.86185632528,1.89720068822,41.2413100834,41.2564,"1994",1.34820417632405
"189","2",14/02/08,"2008250042",Bossòst,0.66219386267,0.69548489488,42.7898113925,42.8016,"2008",1.3543792053938
"190","2",31/07/91,T91030010,Tivissa,0.82176931737,0.86990823456,41.0784674199,41.0998,"1991",4.4537638487669
"191","2",22/03/09,"2009250094",Lladorre,1.27242275855,1.28993488014,42.6141533786,42.6239,"2009",0.836877615737553
"192","2",01/07/94,"894492",Calders,1.98491785512,2.01510189377,41.7737948616,41.8015,"1994",2.88720900549854
"193","2",09/03/12,"2012170122",SANTA CRISTINA D'ARO,2.92549774933,2.95814162921,41.769064239,41.8126,"2012",3.28509742078689
"194","2",14/09/17,"2017080211",Sant Martí Sarroca,1.59937440238,1.60418092156,41.3675540695,41.3716,"2017",0.0988609834681839
"195","2",06/08/03,"2003080254",Els Hostalets de Pierola,1.80849724567,1.82603910551,41.5117730528,41.5277,"2003",0.767502397670929
"196","2",28/07/86,"438600302",Montblanc,1.21198482099,1.23156127243,41.3478281446,41.3721,"1986",1.48590461521426
"197","2",23/07/95,"895161",Teià,2.31735928627,2.32572866861,41.5097050459,41.5174,"1995",0.365626132174603
"198","2",29/06/93,"930800140",Castellbisbal,1.96694570178,1.98278987469,41.4803972001,41.4909,"1993",0.800627468610578
"199","2",18/07/03,"2003170093",Girona,2.84518770398,2.8509116095,41.9742859914,41.981,"2003",0.197500609449343
"200","2",18/03/00,"2000170063",Montagut,2.54887791438,2.55620117233,42.3224180923,42.3294,"2000",0.175625542298062
"201","2",05/08/94,"894344",Castellar del Vallès,2.07257925695,2.07832489489,41.5852122361,41.591,"1994",0.0922002899767666
"202","2",24/07/09,"2009080286",Pujalt,1.41998180929,1.45728251995,41.6830783871,41.6892,"2009",0.836877615737872
"203","2",01/07/15,"2015080224",Barcelona,2.14665766103,2.1530481989,41.4417040478,41.4481,"2015",0.201143734305062
"204","2",14/08/94,"2594129",Pinós,1.49798619426,1.50192899737,41.8074919203,41.8104,"1994",0.0806252510294874
"205","2",02/07/87,T0870029,Querol,1.43909939025,1.45252974667,41.4444096199,41.4594,"1987",0.583751811322548
"206","2",29/03/95,"4395044",Prat de Comte,0.39731048878,0.40767561575,40.988035665,40.9912,"1995",0.171250528674038
"207","2",10/06/94,"1794049",El Port de la Selva,3.20473211799,3.21594595411,42.3261844583,42.3345,"1994",0.418126294686434
"208","2",15/03/98,"1998080033",Sitges,1.91322065377,1.92104765594,41.2746204604,41.2802,"1998",0.161250504022272
"209","2",04/07/17,"2017080107",Pujalt,1.40244178248,1.40825083394,41.7045339748,41.7189,"2017",0.376208476165786
"210","2",14/08/86,"088600506",El Bruc,1.73589267056,1.74550137315,41.5838767385,41.5895,"1986",0.316250969831302
"211","2",20/07/98,"1998250077",Castelló de Farfanya,0.66941566902,0.67674786448,41.814141957,41.8196,"1998",0.246875765590173
"212","2",03/07/17,"2017080102",Badalona,2.22926974241,2.23522162692,41.4828567041,41.4863,"2017",0.0500140568959682
"213","2",20/07/93,"931700040",Roses,3.21097717521,3.22043101144,42.2361874577,42.2448,"1993",0.417601287775749
"214","2",29/07/10,"2010080165",Viladecans,2.00383508799,2.013861834,41.3236043365,41.338,"2010",0.438751368901459
"215","2",10/10/04,"2004430090",Pontils,1.40288931877,1.41090121624,41.4461035626,41.4516,"2004",0.145625447446183
"216","2",04/08/07,"2007080076",Navàs,1.85295879975,1.86063479188,41.9099712904,41.9229,"2007",0.35312610458407
"217","2",09/07/00,"2000170103",Ventalló,3.02420658363,3.03388426607,42.1240247018,42.1324,"2000",0.2843758655424
"218","2",20/07/86,"438600297",Vilanova d'Escornalbou,0.93164601685,0.94907157777,41.116191079,41.1276,"1986",0.926877881805219
"219","2",07/07/94,"4394146",Vilanova d'Escornalbou,0.9320142305,0.96071117379,41.1165415558,41.1286,"1994",1.10070342344044
"220","2",06/08/17,"2017250068",Artesa de Segre,1.10390715463,1.10883112463,41.9810975064,41.9896,"2017",0.150088768300305
"221","2",03/12/07,"2007430078",Amposta,0.54889724886,0.56012724167,40.6661504381,40.6726,"2007",0.14817546269629
"222","2",03/07/89,B89017010,VILANOVA I LA GELTRÚ,1.68683640654,1.6921343438,41.2460361219,41.2571,"1989",0.234375735809588
"223","2",19/01/17,"2017430020",Tortosa,0.57412666933,0.58659894639,40.7649743516,40.7792,"2017",0.367246514526767
"224","2",06/02/12,"2012250158",Àger,0.77102159719,0.78213078492,42.0205603002,42.0292,"2012",0.471968782719417
"225","2",04/06/94,"4394096",Paüls,0.43705698714,0.44603027119,40.9606362156,40.9653,"1994",0.203750630558104
"226","2",23/08/94,"2594161",La Baronia de Rialb,1.18223297599,1.18647851173,42.0330542973,42.0369,"1994",0.0981253063403859
"227","2",29/07/13,"2013430120",Miravet,0.56732741772,0.57701017817,41.0607534464,41.0684,"2013",0.294220369423128
"228","2",14/04/92,"920800034",Gavà,1.97705109039,1.98599805122,41.3013842974,41.3044,"1992",0.110000340569977
"229","2",30/07/10,"2010430093",Tarragona,1.32879922576,1.34178499203,41.1377040497,41.1574,"2010",1.07312833962742
"230","2",16/07/91,L91032002,Ribera d'Ondara,1.35541068314,1.36780961008,41.6291007085,41.644,"1991",0.877502715332366
"231","2",16/07/93,"934300082",La Palma d'Ebre,0.67461347588,0.72006550966,41.2953812261,41.3419,"1993",9.34202882327681
"232","2",14/08/12,"2012170119",VILOPRIU,2.99666449405,3.00325780437,42.1147905429,42.1213,"2012",0.152806551149825
"233","2",24/03/94,"4394035",Móra d'Ebre,0.60396136926,0.61054852085,41.12238328,41.1277,"1994",0.181875566398439
"234","2",19/07/86,"178600062",El Port de la Selva,3.11114579792,3.28599394399,42.2403645153,42.3581,"1986",62.865195323275
"235","2",28/07/13,"2013080288",Vallirana,1.93557270663,1.95922404963,41.3621906762,41.3716,"2013",0.766252383546425
"236","2",17/03/08,"2008250089",Tremps,0.90237284504,0.90668521802,42.1240744473,42.1307,"2008",0.158400238226857
"237","2",06/01/16,"2016430004",Albinyana,1.46669208917,1.4758827705,41.2259256194,41.2314,"2016",0.154161993250693
"238","2",10/06/94,"2594068",Artesa de Lleida,0.70378342404,0.71540021339,41.5276165834,41.5342,"1994",0.156250482198517
"239","2",24/07/91,B91099008,Sagàs,1.94291604824,1.95660584024,41.9994141243,42.0211,"1991",1.37790434850761
"240","2",30/04/05,"2005430087",Godall,0.49411643824,0.49827087706,40.6758192415,40.681,"2005",0.114375359881799
"241","2",09/07/96,"1796052",Ventalló,3.02857852922,3.03251059961,42.1325183802,42.1438,"1996",0.198125615924153
"242","2",07/08/02,"2002430070",Montblanc,1.18394890968,1.20999269539,41.3224850762,41.3632,"2002",4.56813926521089
"243","2",13/08/94,"2594158",Camarasa,0.84982324898,0.86285008969,41.8608916122,41.8698,"1994",0.37125115492611
"244","2",15/05/14,"2014430108",Aiguamúrcia,1.36488960057,1.37685763705,41.3759915549,41.3831,"2014",0.405167406183113
"245","2",23/12/91,T91009011,Tortosa,0.58601248874,0.60764316972,40.8122294791,40.8355,"1991",1.97910609581933
"246","2",13/09/93,"930800362",Font-Rubí,1.60352025798,1.6766529749,41.4366623728,41.448,"1993",7.76792400050443
"247","2",05/07/17,"2017080109",Avinyó,1.96743723004,1.97669648625,41.8364207538,41.8566,"2017",0.766706929700529
"248","2",02/08/88,B0880104,Sallent,1.92093589404,1.93375026516,41.8332314778,41.8455,"1988",0.560626758095821
"249","2",24/03/89,G89015003,FONTANALS DE Cerdanya,1.9223493435,1.94136601576,42.3765459188,42.3904,"1989",1.14971038210921
"250","2",18/07/17,"2017080129",Martorell,1.93391599977,1.93998799964,41.4676809998,41.4709,"2017",0.0556343582496756
"251","2",04/08/06,"2006170122",Ventalló,3.02766698636,3.0672515548,42.0851412614,42.1423,"2006",9.59003006971509
"252","2",27/06/86,"258600171",Tiurana,1.23161490862,1.26840381074,41.947995212,41.9788,"1986",3.39301055217858
"253","2",11/08/03,"2003430060",Tortosa,0.57246802741,0.58111376206,40.8103193393,40.8146,"2003",0.180625552010627
"254","2",19/08/86,"088600540",Avinyonet del Penedès,1.79765371912,1.81995860445,41.3448846938,41.3718,"1986",1.78560555025723
"255","2",17/07/99,"1999080209",Sant Celoni,2.52366231866,2.52875375225,41.7009438983,41.7059,"1999",0.136875422383231
"256","2",30/06/86,"178600021",El Port de la Selva,3.26336181637,3.30184846084,42.3069904921,42.3357,"1986",2.26980699133485
"257","2",07/08/06,"2006170166",Palau de Santa Eulàlia,2.97501570249,2.98077001824,42.1691321544,42.1813,"2006",0.192500597898829
"258","2",02/03/12,"2012080308",TORRELLES DE FOIX,1.60559133844,1.60964683808,41.415494551,41.4212,"2012",0.129143150707839
"259","2",13/08/00,"2000430094",Prat del Comte,0.35787897861,0.38952657566,40.9742802098,40.9938,"2000",2.58110800314292
"260","2",07/07/06,"2006080093",Castellnou de Bages,1.8042962979,1.81062829905,41.8118851378,41.8194,"2006",0.178750548548226
"261","2",21/06/12,"2012250164",SANT GUIM DE FREIXENET,1.39370314074,1.42114212203,41.6496680955,41.6596,"2012",1.03522870391293
"262","2",08/07/95,"0895211",Torrelles de Llobregat,1.92017889506,1.95077578241,41.3458103774,41.3676,"1995",2.3814074234183
"263","2",07/08/06,"2006170151",Cabanelles,2.83147302776,2.84173906714,42.1958065465,42.2125,"2006",0.312500979393829
"264","2",13/07/03,"2003080195",Castellvell i el Vil.lar,1.81625047303,1.85078663819,41.6454107464,41.6735,"2003",3.70688648677293
"265","2",27/06/12,"2012080309",PUJALT,1.42346187446,1.43177325353,41.7025186412,41.7154,"2012",0.426903308299333
"266","2",18/07/98,"1998080176",Gavà,1.94491551497,1.9509336404,41.2929440096,41.2995,"1998",0.226875705700972
"267","2",18/08/17,"2017080191",Sant Vicenç dels Horts,2.00901939744,2.0143891979,41.3837137014,41.3855,"2017",0.0504289393158858
"268","2",02/07/94,"894222",Gelida,1.8763057485,1.88378844353,41.4278977065,41.4331,"1994",0.258125807341316
"269","2",26/07/96,"2596060",Camarasa,0.88831739587,0.91714092633,41.8737876275,41.9054,"1996",3.72781151527283
"270","2",26/07/91,T91030011,la Torre de l'EspANYTXTol,0.63979326424,0.73444010858,41.167837508,41.2084,"1991",13.9649725423623
"271","2",02/04/94,"4394048",Albinyana,1.46453028941,1.47995740476,41.2392237566,41.2477,"1994",0.612441769268693
"272","2",11/05/11,"2011170016",Sant Climent Sescebes,2.96210764135,2.96909839584,42.3975724335,42.4055,"2011",0.210000644262747
"273","2",29/08/17,"2017080201",Sant Pere de Vilamajor,2.40967774185,2.41420425853,41.6827652751,41.6864,"2017",0.0427670481026646
"274","2",18/07/98,"1998250140",Bassella,1.29401917772,1.31120204794,41.9791247137,41.9995,"1998",1.57050486599428
"275","2",21/07/15,"2015170075",Girona,2.83362497292,2.84089717856,41.9730147073,41.9867,"2015",0.403900581048324
"276","2",31/12/07,"2007170159",Queralbs,2.15151688977,2.1670160841,42.3579965129,42.3681,"2007",0.717752226205194
"277","2",18/01/00,"2000250001",Vall de Boí,0.76847252252,0.79530680861,42.4999500523,42.5186,"2000",1.8364057279354
"278","2",05/08/17,"2017250067",Tà rrega,1.17499666649,1.18399132638,41.6258316301,41.635,"2017",0.359660640616017
"279","2",06/02/99,"1999250004",Tremp,0.80155097959,0.81095010377,42.1658621421,42.1691,"1999",0.194375609886657
"280","2",11/07/90,"L90035002
",NAVÈS,1.66712936099931,1.6738834739537,42.0151942472492,42.0278281372635,"1990",0.407501263576879
"281","2",24/07/96,"896056",Sallent,1.93699873477,1.94545346439,41.8864809083,41.8896,"1996",0.128750396846757
"282","2",02/07/09,"2009250100",Nalec,1.11713926535,1.12837022577,41.5541954981,41.5652,"2009",0.285889265267098
"283","2",26/01/11,"2011250013",Vielha e Mijaran,0.8098529744,0.81534374124,42.704687917,42.7081,"2011",0.105000324006421
"284","2",01/07/06,"2006250035",Riner,1.57816762345,1.59320257273,41.8934920874,41.9021,"2006",0.576876758247231
"285","2",15/02/89,L89005003,El Pont de Suert,0.78378421885,0.82470237682,42.4255492419,42.4649,"1989",3.3640215520332
"286","2",12/07/11,"2011250016",Balaguer,0.78910631812,0.80472180858,41.8042331904,41.814,"2011",0.368751132522237
"287","2",13/09/93,"931700126",Santa Coloma de Farners,2.69896440953,2.72362450229,41.8484664558,41.8627,"1993",1.33500417214216
"288","2",01/04/94,"4394040",Cabacés,0.71349614721,0.72490450192,41.2427368519,41.2514,"1994",0.413751283430452
"289","2",14/06/17,"2017170036",Sils,2.72333264325,2.72824108639,41.8367099768,41.8425,"2017",0.0852375024565247
"290","2",06/09/07,"2007430065",Pradell de la Teix,0.85684989158,0.89590199319,41.1232730283,41.1467,"2007",4.23053791224064
"291","2",03/03/89,T89008001,RIUDECANYTXTES,0.95509862152,0.96636432147,41.1468824561,41.1589,"1989",0.587501819780847
"292","2",12/05/11,"2011170017",Sant Climent Sescebes,2.95724285061,2.96180370234,42.4054510207,42.4113,"2011",0.0912502793804777
"293","2",24/08/12,"2012170120",Madremanya,2.94170422685,2.95779016479,42.0018654609,42.0449,"2012",2.22849036582353
"294","2",05/07/94,"1794084",Llagostera,2.86215977759,2.8711910772,41.7818595641,41.7919,"1994",0.42390131245073
"295","2",01/04/94,"2594037",Coll de Nargó,1.25644503725,1.26528534153,42.1597603241,42.1658,"1994",0.254375782098029
"296","2",04/08/06,"2006170164",Terrades,2.8342541939,2.85488880083,42.2777918052,42.3019,"2006",2.03438128183383
"297","2",12/09/03,"2003170162",El Port de la Selva,3.22922165946,3.25375090443,42.2867155488,42.3027,"2003",0.876252718865539
"298","2",05/08/90,L90023010,Àger,0.7467575526,0.75451356248,41.9377697615,41.9426,"1990",0.143750445740869
"299","2",03/08/88,T0880054,Pratdip,0.87075102917,0.93847339692,41.0319463882,41.056,"1988",5.96521843063322
"300","2",27/07/90,B90013007,Barcelona,2.15661691413,2.16471645185,41.4464095416,41.451,"1990",0.186573999999987
"301","2",04/07/86,"088600410",Olivella,1.77436029937,1.82040924481,41.3131433651,41.3444,"1986",6.98672170301966
"302","2",03/08/88,T0880052,Mont-roig del Camp,0.92630825972,0.95865700601,41.016433928,41.037,"1988",2.16630675830544
"303","2",22/02/99,"1999430038",La Torre de Fontaubella,0.84010900706,0.85274076906,41.1198491117,41.1252,"1999",0.360001111971681
"304","2",29/06/12,"2012080312",ELS PRATS DE REI,1.54681836164,1.58265089071,41.6971492262,41.7477,"2012",8.72002689151054
"305","2",02/07/09,"2009250098",Vilanova de l'Aguda,1.26662964234,1.27881870206,41.8996789702,41.9104,"2009",0.458126416878143
"306","2",01/07/09,"2009250111",Torrefeta i Florejacs,1.19529509598,1.25103939374,41.7018914291,41.7107,"2009",2.13947900062325
"307","2",23/02/92,"922500018",La Guingueta d'Àneu,1.15549030255,1.16808610518,42.6065777714,42.6103,"1992",0.15687548701231
"308","2",04/07/94,"894233",Terrassa,2.03918353911,2.08242339962,41.5165133417,41.5349,"1994",3.45511060768191
"309","2",18/07/98,"1998080173",Aguilar de Segarra,1.36882537854,1.65587047769,41.7423798636,41.9179,"1998",152.722753209364
"310","2",05/08/00,"2000250080",Vilanova de Meià,1.0922752327,1.09925950069,41.9798548295,41.9891,"2000",0.326876005769643
"311","2",10/08/94,"894363",Palafolls,2.72081052768,2.74165082898,41.6616228088,41.6819,"1994",0.932402922355456
"312","2",29/08/03,"2003170157",Castell- Platja d'Aro,3.032585156,3.07023274863,41.8162011237,41.8464,"2003",3.31751034113626
"313","2",03/10/17,"2017250088",Torrefeta i Florejacs,1.23847129275,1.24419277897,41.7960137376,41.7989,"2017",0.0707860341406669
"314","2",18/07/91,L91004011,Peramola,1.25351797491,1.26108620275,42.0514714254,42.0603,"1991",0.35687609606491
"315","2",04/07/94,"894549",Collbató,1.81514040438,1.93843139577,41.5531814466,41.6179,"1994",31.6476985099754
"316","2",20/08/90,B90007020,NAVà€S,1.72961293725,1.74234721667,41.8696439936,41.8777,"1990",0.387499999999685
"317","2",27/06/01,"2001170076",Begur,3.20953897185,3.2155628716,41.926581279,41.9345,"2001",0.234375728251725
"318","2",21/06/03,"2003250048",Les Avellanes i Santa Linya,0.7674118996,0.78979311554,41.8882563715,41.9062,"2003",0.958127978894446
"319","2",02/03/12,"2012250160",El Pont de Suert,0.80161649781,0.80875131564,42.4322063232,42.4443,"2012",0.332501031244994
"320","2",22/06/09,"2009080284",Sant Mateu de Bages,1.63584211813,1.66358823223,41.8556207618,41.8699,"2009",1.93962555546039
"321","2",22/02/99,"1999430034",Garcia,0.68457399732,0.694726496,41.1406774781,41.1511,"1999",0.507501576118149
"322","2",16/03/14,"2014170067",Forallac,3.08732808341,3.11411853571,41.861436477,41.8965,"2014",3.81995545765749
"323","2",15/07/89,B89040010,Caldes de Montbui,2.143925927,2.14997563183,41.6608286322,41.6662,"1989",0.14125043532199
"324","2",01/03/89,T89012001,LA BISBAL DEL PENEDÈS,1.44096191133,1.46035819538,41.2728002453,41.2823,"1989",0.932502883788407
"325","2",13/01/95,"4395005",Montblanc,1.17777197941,1.19142626248,41.3479616114,41.3559,"1995",0.358751120909049
"326","2",18/07/86,"438600293",Ulldecona,0.50355351129,0.53746486627,40.5907382332,40.6247,"1986",3.13830982683755
"327","2",15/09/93,"931700127",Santa Cristina d'Aro,2.96421028394,2.99011148075,41.8553911966,41.8723,"1993",1.10937843650451
"328","2",30/07/02,"2002430065",El Perelló,0.64453081964,0.64841500702,40.8475168071,40.8498,"2002",0.0531251653156528
"329","2",30/08/03,"2003080319",Dosrius,2.41997646205,2.42539661984,41.5796754693,41.5837,"2003",0.0975003023807922
"330","2",14/06/17,"2017250033",Oliola,1.16082783025,1.17269928869,41.7998349663,41.8072,"2017",0.422807018988782
"331","2",05/08/93,"934300138",Vespella de Gaià,1.33073924535,1.38612225242,41.1829174648,41.193,"1993",7.38722289866685
"332","2",11/04/94,"4394078",Mont-Roig del Camp,0.94641945405,0.96589090932,41.0491487462,41.0576,"1994",0.383751186447728
"333","2",01/08/12,"2012250162",Fígols i Alinyà,1.43360605193,1.44070760064,42.2155160023,42.2205,"2012",0.173932151674284
"334","2",21/08/88,G0880092,Cadaqués,3.2243019814,3.27012416444,42.2908619702,42.3233,"1988",5.78071779462212
"335","2",16/07/95,"895153",La Pobla de Claramunt,1.64054878625,1.64632794667,41.5521583482,41.5616,"1995",0.225625698163496
"336","2",04/01/05,"2005250004",Gavet de la Conca,0.96857464301,0.97460692258,42.060461887,42.0634,"2005",0.0975003022558118
"337","2",28/06/1993,"930800137",Montcada i Reixac,2.20620030939,2.21453012749,41.4817892984,41.4897,"1993",0.247500767148548
"338","2",20/12/99,"1999250107",Les Valls d'Aguilar,1.19724732,1.20358607198,42.3442236734,42.3483,"1999",0.141875445571245
"339","2",5/11/13,"2013250090",La Granja d'Escarp,0.36217748533,0.36951600615,41.4190168271,41.4231,"2013",0.137931308971118
"340","2",21/06/14,"2014250070",Bellcaire d'Urgell,0.87945794847,0.89896987708,41.7829224217,41.7996,"2014",1.22924463362848
"341","2",07/04/94,"4394064",Salou,1.15932284901,1.16887246668,41.0736055832,41.0786,"1994",0.247500757675505
"342","2",28/07/10,"2010170107",Colomers,2.96139773296,2.98330457252,42.0916126019,42.1137,"2010",1.2437371548829
"343","2",19/07/16,"2016170048",Vilobí d'Onyar,2.70739413974,2.71166189257,41.8644087402,41.874,"2016",0.184013848717177
"344","2",20/03/95,"4395032",El Montmell,1.53323781181,1.54252212864,41.3693222284,41.375,"1995",0.250625779206054
"345","2",25/06/95,"4395148",Sant Jaume dels Domenys,1.4667644351,1.52394183835,41.2880075345,41.3269,"1995",8.26742543172008
"346","2",22/06/02,"2002430043",Tivissa,0.7670437802,0.77889416081,41.0339591607,41.0433,"2002",0.548751704783096
"347","2",07/07/07,"2007080187",Santa Maria d'Oló,2.01378425397,2.02071563432,41.8759603713,41.8801,"2007",0.118773849976412
"348","2",06/08/16,"2016170060","Saus, Camallera i Llampaies",2.98745830011,2.99791975729,42.1051981317,42.1309,"2016",0.986026939502214
"349","2",15/07/89,B89003011,SUBIRATS,1.8203318347,1.84202927361,41.3913060978,41.4222,"1989",2.95380915914981
"350","2",22/09/05,"2005430160",Pradell de la Teixeta,0.8796016548,0.88881709408,41.1423738813,41.1494,"2005",0.209325638100149
"351","2",02/07/94,"894221",Subirats,1.84678815801,1.86687890564,41.3874346576,41.396,"1994",0.828002567974857
"352","2",16/07/97,"1997080104",Avinyonet del Penedès,1.78141995123,1.80576101081,41.3498154318,41.3578,"1997",0.776952405234443
"353","2",01/07/01,"2001080162",Martorell,1.88587789434,1.89853069576,41.4874897257,41.4958,"2001",0.311875959231132
"354","2",16/08/97,"4397085",Pontils,1.36949061433,1.37402618724,41.4877522109,41.4934,"1997",0.125625385373684
"355","2",20/07/93,"934300084",Alfara de Carles,0.41076938719,0.45773204575,40.88814116,40.9173,"1993",5.68670358157802
"356","2",16/08/86,"088600568",Collbató,1.8227184032,1.85213548801,41.5733845963,41.5935,"1986",1.54080481141771
"357","2",05/05/94,"4394091",Alforja,0.97156016473,0.97746663803,41.1938235968,41.1988,"1994",0.153875478398301
"358","2",29/07/06,"2006430070",La Febró,1.00443621263,1.01910445652,41.2841925882,41.2902,"2006",0.533751672381697
"359","2",01/05/16,"2016170039",Llançà ,3.14223194841,3.14827048303,42.3646482208,42.3688,"2016",0.122560413176543
"360","2",06/05/08,"2008250093",Torres de Segre,0.5190648093,0.53384992466,41.5446529027,41.5524,"2008",0.196250613511944
"361","2",03/07/94,"1794504",Fontanals de Cerdanya,1.92225022302,1.95554878735,42.386426175,42.4001,"1994",1.3932043013336
"362","2",10/08/03,"2003080273",Sant Llorenç Savall,2.00500526153,2.07136603124,41.6655154089,41.7598,"2003",31.4607409758239
"363","2",03/04/94,"2594039",Maials,0.53808047116,0.54328128791,41.3245273749,41.3293,"1994",0.0937502873796416
"364","2",22/07/16,"2016080162",Olivella,1.79508437518,1.80101215431,41.3177883631,41.3233,"2016",0.140208393774573
"365","2",31/01/03,"2003170013",Santa Cristina d'Aro,2.97344698306,3.0014239076,41.7607674632,41.7997,"2003",3.98376247392638
"366","2",22/08/94,"894401",Talamanca,1.89920643366,1.90708263864,41.7341737553,41.7398,"1994",0.18937558044472
"367","2",15/04/90,T90030006,LA PALMA D'EBRE,0.63905096238,0.68514009286,41.232293657,41.25,"1990",0.98750306204171
"368","2",29/01/02,"2002250008",Naut Aran,0.85880686038,0.88857962007,42.7035940615,42.7228,"2002",2.83938383823274
"369","2",05/08/17,"2017080162",Sabadell,2.1358224503,2.14058842993,41.5471255003,41.553,"2017",0.0621927154980819
"370","2",08/03/12,"2012250166",Baix Pallars,1.04652575011,1.08613205536,42.3193837464,42.3455,"2012",3.77251171106358
"371","2",19/01/00,"2000250003",Espot,1.09481506132,1.10499854207,42.5708912864,42.5765,"2000",0.162500501909914
"372","2",14/08/03,"2003080296",Badalona,2.21715139781,2.22618134634,41.4710549117,41.4789,"2003",0.353126095021282
"373","2",24/08/12,"2012430142",Aiguamúrcia,1.48567073972,1.49461293733,41.381165215,41.3917,"2012",0.379576185572876
"374","2",10/04/94,"4394076",Tivissa,0.78977689785,0.90647036958,41.0201074254,41.0739,"1994",23.5935732336657
"375","2",26/06/03,"2003080128",Monistrol de Calders,2.02886874502,2.03252247893,41.7804097794,41.7863,"2003",0.138750432633362
"376","2",18/08/86,"088600578",Castellolí,1.71074911926,1.85247738432,41.5846977733,41.6643,"1986",41.9059289331316
"377","2",28/06/17,"2017250047",La Baronia de Rialb,1.19022044745,1.19501581221,41.9572749342,41.9601,"2017",0.0650051673103785
"378","2",19/06/01,"2001080130",Badalona,2.24031639553,2.24904459379,41.4755721826,41.4907,"2001",0.675002085103431
"379","2",13/08/11,"2011170020",Rabós,3.0286217472,3.0383427129,42.3619986012,42.3816,"2011",0.936252910618212
"380","2",16/06/89,T89030002,Garcia,0.66453491879,0.67787346979,41.1587220725,41.1731,"1989",0.462501442907012
"381","2",19/02/05,"2005430026",Cabacés,0.75191033962,0.75895097525,41.2485912637,41.2561,"2005",0.135625422695713
"382","2",26/06/89,L89023004,LA BARONIA DE RIALB,1.21105231288,1.21448606392,42.0220471059,42.0286,"1989",0.126875395436389
"383","2",21/07/89,T89030005,Ascó,0.58611752041,0.62036236624,41.1368661781,41.1572,"1989",1.95210605307641
"384","2",11/11/01,"2001080334",Sant Pol de Mar,2.60826527981,2.6310997517,41.6054513066,41.6182,"2001",0.65537135287804
"385","2",10/04/94,"894080",Sant Martí Sarroca,1.57981781898,1.62567861396,41.3419822559,41.3771,"1994",4.30201318165795
"386","2",22/03/02,"2002250055",Conca de Dalt,0.90627681129,0.91915777225,42.2359405762,42.242,"2002",0.287500885267646
"387","2",17/07/09,"2009250089",Agramunt,1.09019843299,1.34000076434,41.8041950236,41.8648,"2009",49.855586535654
"388","2",21/06/94,"894164",Pobla de Claramunt,1.65239518503,1.67319535597,41.5548238611,41.5627,"1994",0.881102729527596
"389","2",16/09/88,G0880127,Cadaqués,3.26839881874,3.29129473194,42.2927265689,42.3254,"1988",3.20040987686579
"390","2",16/07/11,"2011170019",la Bisbal d'Empordà,3.02154289505,3.02940366934,41.9221101271,41.9291,"2011",0.16675798276193
"391","2",01/08/01,"2001250054",La Floresta,0.92638954835,0.93605444788,41.4982555536,41.502,"2001",0.106875335944112
"392","2",18/06/01,"2001170058",Cadaqués,3.225458464,3.28577985135,42.2399756164,42.3046,"2001",16.9531778027652
"393","2",12/08/94,"4394128",Vandellòs i l'Hospitalet de l'Infant,0.83858938993,0.8486841493,40.9376383052,40.9418,"1994",0.130500406357639
"394","2",20/06/03,"2003170055",Vilademuls,2.88366611105,2.89787925124,42.1023687065,42.1082,"2003",0.378126172585228
"395","2",16/07/86,"438602924",El Montmell,1.45711519751,1.50453336178,41.3007303099,41.332,"1986",6.67622048035204
"396","2",05/09/16,"2016250044",Ribera d'Urgellet,1.35260235668,1.35879750569,42.3361277399,42.343,"2016",0.135021237704629
"397","2",20/02/00,"2000080046",Viver i Serrateix,1.81420950607,1.82080898096,41.9305937004,41.9358,"2000",0.143750446633481
"398","2",11/08/94,"4394188",RiudecANYTXTes,0.94782002717,0.97413252424,41.1293163767,41.1481,"1994",1.74510542448033
"399","2",21/08/94,"894470",Castellbell i el Vilar,1.87161192146,1.89796515627,41.6155374484,41.6469,"1994",3.34981046165092
"400","2",19/06/01,"2001170061",Torroella de Montgrí,3.14048987381,3.16769907716,42.0793443846,42.1025,"2001",3.40001059895314
"401","2",29/12/04,"2004250129",Coll de Nargó,1.27948813131,1.30166639415,42.2024239941,42.2118,"2004",0.690627145291134
"402","2",10/02/00,"2000170017",Toses,2.01435012691,2.03079356954,42.3214583439,42.3297,"2000",0.527876625769077
"403","2",12/08/03,"2003250105",Seròs,0.32593870414,0.3922263725,41.3662827874,41.415,"2003",17.7663049649404
"404","2",23/08/17,"2017080197",Navarcles,1.91353819357,1.9196597445,41.7618238398,41.7659,"2017",0.0788998992426992
"405","2",21/03/90,G90019004,LA VALL D'EN BAS,2.38554257919,2.39281052434,42.1485160302,42.1521,"1990",0.131250406980646
"406","2",03/07/94,"894305",Berga,1.85748606676,1.86221028085,42.0837531512,42.0894,"1994",0.142200442757867
"407","2",26/05/05,"2005430122",Margalef,0.72693131422,0.76388289879,41.2969638789,41.335,"2005",4.34376335812241
"408","2",10/03/07,"2007080014",Cabrera de Mar,2.38229939856,2.38984781693,41.5201003158,41.5259,"2007",0.115770578929816
"409","2",29/08/93,"931700088",Roses,3.17697072292,3.25109443133,42.253988334,42.3038,"1993",12.6504394825612
"410","2",17/08/86,"178600108",Palol de revardit,2.77798986144,2.81209234417,42.0578253684,42.0772,"1986",0.708752180417444
"411","2",18/07/89,B89013002,Badalona,2.2266382791,2.24829738261,41.482383857,41.4975,"1989",1.5174047051575
"412","2",06/04/94,"4394058",Gandesa,0.45954466025,0.4696229019,41.0424423411,41.05,"1994",0.413751273895804
"413","2",25/07/03,"2003170098",la Jonquera,2.86579327096,2.87522939577,42.428083138,42.4418,"2003",0.435001360525851
"414","2",12/07/90,B90040029,MONTCADA I REIXAC,2.19512127585,2.20325006847,41.4797214204,41.4847,"1990",0.144375447678456
"415","2",25/06/94,"4394125",la Sènia,0.29915886395,0.32943830321,40.6664111947,40.6865,"1994",2.96730930235134
"416","2",16/01/12,"2012250156",LES,0.67753120486,0.68433831632,42.8212344154,42.8264,"2012",0.189375583336455
"417","2",23/08/94,"2594175",Ponts,1.13584323911,1.23729493925,41.9258063914,41.9955,"1994",25.4278287957525
"418","2",11/08/94,"894469",Badalona,2.22087585923,2.29283492719,41.4763866365,41.5044,"1994",6.88726510600184
"419","2",11/03/95,"895041",Santa Margarida i els Monjos,1.67614337143,1.68565093534,41.295150019,41.2995,"1995",0.187500584583735
"420","2",08/03/12,"2012250165",LES VALLS DE VALIRA,1.4723687486,1.48983487728,42.3705753915,42.3939,"2012",1.76688043109349
"421","2",12/06/94,"4394109",la Bisbal de Falset,0.72161124183,0.74226240199,41.2819794839,41.2914,"1994",0.832502580349573
"422","2",09/03/86,"438600236",El Perelló,0.6286525072,0.64345009942,40.8664744232,40.8774,"1986",0.62875194847518
"423","2",13/08/03,"2003170133",Llagostera,2.87640447263,2.88632292812,41.8253280608,41.8366,"2003",0.230000705226667
"424","2",02/08/90,B90006018,Castellolí,1.69781734668,1.71019745776,41.6073735333,41.6161,"1990",0.530001643425358
"425","2",20/02/99,"1999250121",El Pont de Suert,0.72045585594,0.72876179593,42.4322747887,42.4377,"1999",0.153750481696704
"426","2",27/02/00,"2000250031",Fígols i Alinyà,1.45804252836,1.46554941915,42.1902726749,42.1955,"2000",0.145625455070994
"427","2",12/06/12,"2012080314",CASTELLET I LA GORNAL,1.65614332148,1.70848654894,41.2432025809,41.2662,"2012",5.87611838365137
"428","2",31/03/15,"2015250082",VALL DE CARDÓS,1.21950396071,1.22729296127,42.60511641,42.6143,"2015",0.266205921864753
"429","2",06/05/95,"2595032",La Portella,0.65607142462,0.66539276708,41.7293743462,41.7381,"1995",0.240000738705241
"430","2",17/03/14,"2014250067",Les,0.70441569395,0.71204756394,42.8235082767,42.8276,"2014",0.140000429758457
"431","2",05/09/03,"2003080322",Montcada i Reixach,2.18894218549,2.19520391236,41.4699080544,41.4751,"2003",0.118125368319619
"432","2",13/04/95,"4395051",Vendrell,1.47559514765,1.49503530589,41.2014729035,41.2084,"1995",0.411301272774776
"433","2",11/04/94,"4394077",Pradell de la Teixeta,0.89670854269,0.91021967423,41.173529052,41.1788,"1994",0.286250889782055
"434","2",25/01/05,"2005080300",Sant Salvador de Guardiola,1.77678267504,1.78422125644,41.6736926349,41.6774,"2005",0.110763891723465
"435","2",02/07/94,"894546",La Pobla de Lillet,2.02335795831,2.02731949122,42.2180424966,42.2212,"1994",0.0675002082699281
"436","2",09/04/94,"894078",Subirats,1.81130980241,1.8282165495,41.4051936048,41.4182,"1994",1.0375031802331
"437","2",18/08/87,T0870051,Sarral,1.2636269683,1.30051105312,41.437653952,41.459,"1987",3.01320940817988
"438","2",03/10/92,"924300102",Calafell,1.59483599261,1.61660114399,41.2071823044,41.2189,"1992",0.91170279800482
"439","2",29/07/86,"088600481",Sallent,1.90326769339,1.96907236347,41.8366413931,41.9176,"1986",12.2859380978869
"440","2",25/08/95,"1795182",Portbou,3.12016743035,3.17274927013,42.4261267331,42.4428,"1995",3.85501186610675
"441","2",10/04/05,"2005430075",Les Borges del Camp,1.00552202273,1.02602652868,41.1808231286,41.1996,"2005",1.12187850651761
"442","2",19/07/98,"1998080180",Cardona,1.46316274439,1.65947756621,41.886946895,41.9865,"1998",86.6797885534691
"443","2",15/06/06,"2006250018",La Sentiu de Sió,0.84370038744,0.85684195806,41.7947299595,41.8008,"2006",0.215553813103784
"444","2",15/11/04,"2004250124",Vilaller,0.71070405691,0.71612310696,42.448057971,42.4544,"2004",0.126250394507714
"445","2",08/08/04,"2004080112",Santa Coloma de Gramenet,2.19457605053,2.20357947524,41.4687940231,41.4735,"2004",0.223125695200935
"446","2",23/06/16,"2016250032",Vallbona de les Monges,1.11674168162,1.13713470047,41.5085392388,41.5305,"2016",1.00889999999986
"447","2",13/08/03,"2003080293",Tordera,2.70246185268,2.75535046583,41.7198824138,41.7731,"2003",10.0762813217176
"448","2",10/04/05,"2005430129",Cunit,1.63010435564,1.63920244951,41.2040513966,41.2139,"2005",0.262500810753113
"449","2",18/07/89,B89040019,SANT QUIRZE DEL VALLÈS,2.05089853221,2.05752064585,41.5335530743,41.5399,"1989",0.164375506618999
"450","2",10/07/93,"934300075",El Perelló,0.65216062426,0.7074475742,40.8471949054,40.8631,"1993",9.52652962293018
"451","2",06/04/94,"2594900",Tarrés,1.04329020375,1.05631189117,41.4309183251,41.4397,"1994",0.439376367417902
"452","2",20/03/05,"2005250063",Les Valls d'Aguilar,1.33191372789,1.34048482762,42.2919563595,42.2978,"2005",0.210625641587622
"453","2",24/01/09,"2009430123",Bonastre,1.45362077164,1.46925285996,41.2215110538,41.228,"2009",0.40698828481876
"454","2",11/08/94,"894418",Barcelona,2.13191422397,2.1381963006,41.4195305858,41.4247,"1994",0.120625379888273
"455","2",05/02/04,"2004250003",Naut Aran,0.82889356432,0.84122753537,42.7044226834,42.7121,"2004",0.32320098266929
"456","2",21/06/02,"2002250100",Vilanova de l'Aguda,1.26741936637,1.2778319101,41.9450122363,41.9537,"2002",0.284375872204658
"457","2",04/07/94,"894550",Canyelles,1.70859561157,1.77708957052,41.2765629788,41.3349,"1994",11.5272356874896
"458","2",08/03/15,"2015250081",LES,0.70403261607,0.71189534216,42.8228850311,42.8282,"2015",0.206875000000177
"459","2",22/06/17,"2017080073",Sant Fruitós de Bages,1.85895281378,1.87206775473,41.7340183538,41.7593,"2017",1.04906681298913
"460","2",04/03/1993,"932500006",La Vall de Boí,0.84150540465,0.86262853095,42.5225705002,42.5333,"1993",0.824377551154333
"461","2",08/07/17,"2017250052",Oliola,1.11070270144,1.14612932273,41.8798452613,41.8884,"2017",0.668656806180618
"462","2",13/08/01,"2001170129",Vilopriu,2.96727317736,2.98027581707,42.0998044144,42.1066,"2001",0.286250892142576
"463","2",02/07/06,"2006080075",Argençola,1.42756250355,1.43638047248,41.6040537542,41.6194,"2006",0.608751865611174
"464","2",05/02/99,"1999080011",Isòvol,1.80777678217,1.81357045885,42.3723882918,42.3755,"1999",0.098750304943433
"465","2",12/07/03,"2003430039",Senan,1.02623783701,1.04505169009,41.4778427346,41.4882,"2003",0.719377217418005
"466","2",23/06/06,"2006080048",Sant Antoni de Vilamajor,2.41665906005,2.42147161863,41.6619367489,41.6682,"2006",0.155625484196664
"467","2",21/08/1993,"931700058",Santa Cristina d'Aro,2.9305354401,2.93746551747,41.8175404718,41.8232,"1993",0.196875608123801
"468","2",20/12/98,"1998430175",la Sènia,0.2694060987,0.28232582288,40.6474259257,40.6577,"1998",0.443401362665577
"469","2",13/05/07,"2007250092",Almenar,0.58566794416,0.59300633946,41.801324973,41.8074,"2007",0.110727591166281
"470","2",04/07/94,"894329",St Feliu Codines,2.16382833884,2.20694577097,41.6759034188,41.6976,"1994",2.75749704918885
"471","2",04/07/89,G89010008,PALAMÓS,3.11467445451,3.12103216102,41.8769167657,41.8816,"1989",0.154736479805862
"472","2",27/07/17,"2017430101",Tivenys,0.57275796694,0.58593978734,40.913770111,40.9299,"2017",1.2315999999999
"473","2",09/06/15,"2015430116",FALSET,0.81026038824,0.81708774074,41.1744772664,41.181,"2015",0.244484236944542
"474","2",19/09/94,"4394237",Mas de Barberans,0.33600652809,0.36188664527,40.7106553661,40.7297,"1994",1.15437859169447
"475","2",07/04/94,"894074",Subirats,1.81130980241,1.8282165495,41.4051936048,41.4182,"1994",1.0375031802331
"476","2",12/07/07,"2007080057",Sallent,1.91313416391,1.92381329347,41.8741227228,41.8969,"2007",1.31937908764179
"477","2",01/08/01,"2001250055",Vinaixa,0.95432024788,0.97888241933,41.4575465485,41.4788,"2001",1.04500322275071
"478","2",30/06/94,"894216",Mura,1.99063720382,1.99762890625,41.708874656,41.7163,"1994",0.225625698443225
"479","2",30/04/05,"2005250088",Castelldans,0.72256506799,0.73274683116,41.4831648481,41.4901,"2005",0.305000935580132
"480","2",08/07/17,"2017250053",Biosca,1.37155157868,1.38106973296,41.8802903416,41.8845,"2017",0.158631184914662
"481","2",21/03/92,"922500024",Alins,1.26060890793,1.27136203432,42.5514999626,42.5603,"1992",0.485626501401504
"482","2",22/07/93,"931700042",El Port de la Selva,3.23451920837,3.27520296287,42.2917205122,42.3247,"1993",4.83481493084066
"483","2",17/06/13,"2013250072",Alfarràs,0.55821660448,0.5675150913,41.8351884091,41.8435,"2013",0.18775579442202
"484","2",04/07/94,"894228",Castellterçol,2.10305100122,2.11142360197,41.739546798,41.7517,"1994",0.396001220874239
"485","2",31/07/89,B89003034,FONT-RUBà,1.61219606845,1.6234417775,41.4473810089,41.4579,"1989",0.434701347919061
"486","2",21/08/91,T91037005,Horta de Sant Joan,0.35161647354,0.37543845538,40.9622147905,40.9769,"1991",1.48860463433941
"487","2",06/01/12,"2012430138",Amposta,0.57278972142,0.57784382738,40.6609352712,40.6665,"2012",0.100025776950382
"488","2",31/07/94,"894324",Avinyó,1.98225363628,1.99191273675,41.8801104319,41.8907,"1994",0.349201072071081
"489","2",15/11/04,"2004430113",Ulldecona,0.51080368913,0.52512829767,40.5985676536,40.609,"2004",0.569376786533789
"490","2",08/04/94,"4394068",Amposta,0.54917794151,0.56058037223,40.6639452967,40.6724,"1994",0.297500926932007
"491","2",14/06/09,"2009250055",Balaguer,0.72920393547,0.75724896157,41.7554543646,41.7843,"2009",3.11968064671248
"492","2",02/08/94,"894333",Avinyonet del Penedès,1.7888667473,1.79428319741,41.3558943231,41.3633,"1994",0.285000886746581
"493","2",27/06/12,"2012430140",Cabacés,0.75012021918,0.77358866907,41.2345414041,41.2454,"2012",1.15946753609912
"494","2",05/08/17,"2017080163",Artés,1.96937594245,2.00537183,41.796123044,41.8357,"2017",3.62841515999543
"495","2",08/08/91,T91036026,Salou,1.15982212997,1.17211054557,41.0659426085,41.075,"1991",0.429376316061382
"496","2",12/10/97,"4397096",Gandesa,0.45817190403,0.46573936708,41.0398714859,41.0457,"1997",0.210000647583328
"497","2",31/08/91,T91030016,Tivissa,0.724835977,0.73769640686,40.9757297815,40.9801,"1991",0.31312596552433
"498","2",10/03/07,"2007170092",Camprodon,2.42793448829,2.43276842331,42.3190237018,42.324,"2007",0.100625310381001
"499","2",24/07/16,"2016170056",Blanes,2.77475290698,2.78253097966,41.7039372998,41.7188,"2016",0.351700000000155
"500","2",19/06/05,"2005080308",Talamanca,1.91789325848,1.9560533926,41.7103809935,41.7534,"2005",7.25627246178688
"501","2",09/10/96,"4396095",Pradell de la Teix,0.83343101157,0.85130009224,41.125420844,41.1396,"1996",1.03000317456244
"502","2",10/11/96,"1796147
",Llançà,3.13860204696184,3.14984786802618,42.3692960687768,42.3769504524327,"1996",0.372501151025366
"503","2",11/02/11,"2011250014",Alt Àneu,1.0995656915,1.12574624996,42.6777917601,42.6846,"2011",0.934863419071092
"504","2",10/07/95,"895213",Viladecans,2.00611864289,2.01300638665,41.330364272,41.3378,"1995",0.298750933335717
"505","2",19/07/16,"2016250033",Ribera d'Ondara,1.35320398972,1.36597542859,41.6083045394,41.6314,"2016",1.04490000000008
"506","2",19/07/11,"2011430019",la Riba,1.1689422603,1.19614534509,41.2867235324,41.3146,"2011",3.51376100371051
"507","2",14/02/89,G89031009,RIBES DE FRESER,2.14632414519,2.16657699743,42.2883404584,42.3068,"1989",1.08990337956463
"508","2",11/08/03,"2003080280",Gallifa,2.06412916553,2.1094053888,41.6843184,41.7365,"2003",11.875018132647
"509","2",14/07/00,"2000080174",Torrelles de Foix,1.58717246614,1.61459624229,41.414270181,41.4274,"2000",0.898127790077754
"510","2",30/05/95,"4395080",Querol,1.45353659549,1.47110588274,41.4370834,41.4476,"1995",0.810627520901493
"511","2",02/07/06,"2006080179",Santa Coloma de Gramanet,2.19896995535,2.20732738312,41.4636020313,41.4715,"2006",0.241875754076797
"512","2",17/09/02,"2002430094",Vallclara,0.99190324231,0.99778331393,41.3846049674,41.3941,"2002",0.305625938905889
"513","2",22/07/91,T91030006,Vinebre,0.65928582887,0.69747700905,41.2346978226,41.2643,"1991",2.5371078312038
"514","2",05/08/90,B90011022,OLESA DE MONTSERRAT,1.88954431769,1.91882755597,41.5616263465,41.5763,"1990",1.73070536655842
"515","2",18/04/86,"438600244",Tortosa,0.59386948264,0.61589649495,40.8451262734,40.8645,"1986",1.7864118151689
"516","2",20/07/91,L91026006,Vall de Cardós,1.20964931248,1.22204803364,42.5303777192,42.5421,"1991",0.489376505879687
"517","2",24/08/94,"894414",Castelledefels,1.9618553378,1.96959591211,41.2887333349,41.2944,"1994",0.241250749346734
"518","2",08/09/95,"4395178",el Montmell,1.5017254448,1.52336261928,41.3363860776,41.3486,"1995",1.08090341661499
"519","2",26/07/96,"4396103",La Riba,1.17972536034,1.19498931805,41.3116860856,41.3218,"1996",0.535501668256858
"520","2",20/10/98,"1998430147",Ulldecona,0.51303407747,0.54952032924,40.6075127684,40.6328,"1998",3.70431157324689
"521","2",03/02/89,G89031003,TOSES,2.02107441803,2.03593535494,42.3400292891,42.356,"1989",1.09625337657887
"522","2",20/07/09,"2009430125",Horta de Sant Joan,0.31283869819,0.37626232673,40.9173636827,40.9638,"2009",9.40690448193867
"523","2",14/07/05,"2005080235",Sant Quirze de Safaja,2.1704479375,2.1771411266,41.7241749758,41.7345,"2005",0.346876081208866
"524","2",25/02/11,"2011430017",Vilalba dels Arcs,0.36743527494,0.37348767522,41.1593541123,41.1632,"2011",0.118750364444858
"525","2",11/05/15,"2015250084",ELS TORMS,0.7384227469,0.7474135142,41.3991451244,41.4059,"2015",0.205031312028864
"526","2",04/07/07,"2007250057",Sanaüja,1.26790301931,1.28410359614,41.8575879984,41.868,"2007",0.535169300361943
"527","2",17/07/87,G0870016,Llagostera,2.93218418054,2.95239849244,41.7945300541,41.8224,"1987",1.05570325168855
"528","2",18/08/86,"088600562",Santa Maria d'Oló,2.11508434605,2.14934917078,41.8944403785,41.914,"1986",2.72610844726332
"529","2",09/07/95,"4395091",Tarragona,1.29888636082,1.3501125079,41.1409567786,41.1534,"1995",1.45260450023862
"530","2","21/03/94
","4394032",Vandellós,0.88356422216,0.89262523628,40.9658612686,40.974,"1994",0.378126165096766
"531","2",27/07/05,"2005250161",Artesa de Segre,1.08510062292,1.09399524312,41.924414687,41.9408,"2005",0.667906655302275
"532","2",27/07/90,B90040056,Castellbisbal,1.96675621887,1.97604320754,41.4889288875,41.4981,"1990",0.42875132946821
"533","2",12/08/90,L90025021,TREMP,0.84623362067,0.85570593761,42.2488187246,42.2542,"1990",0.228125707371158
"534","2",23/06/95,"1795106",Portbou,3.15628314623,3.16754160318,42.4171121051,42.4254,"1995",0.396251237774192
"535","2",01/07/03,"2003255555",Torrefeta i Florejacs,1.27421391766,1.32400024952,41.812645017,41.8301,"2003",3.4912606724346
"536","2",23/02/92,"922500034",Coll de Nargó,1.23420441013,1.24182765139,42.199064209,42.2027,"1992",0.152500474406408
"537","2",15/05/12,"2012430143",RASQUERA,0.59105909259,0.65635479559,40.8932662884,40.9749,"2012",27.8842405673249
"538","2",15/08/09,"2009430122",Montferri,1.36906403216,1.38440098001,41.2575161349,41.2719,"2009",0.934377904681163
"539","2",12/06/94,"1794059",la Jonquera,2.86080959752,2.87174784221,42.4030374064,42.4198,"1994",0.80820250707422
"540","2",04/07/94,"894328",Cervelló,1.94386036037,1.94956327405,41.3943021916,41.3975,"1994",0.091250280469737
"541","2",01/05/08,"2008430020",Montblanc,1.17281734814,1.18031865146,41.3902248759,41.4126,"2008",0.153902860097229
"542","2",18/08/86,"088600533",Terrassa,1.96336241613,1.99966393491,41.6108097559,41.6377,"1986",4.10851261449613
"543","2",16/07/86,"438600291",Aiguamúrcia,1.40124226768,1.43242639505,41.3541677607,41.3635,"1986",1.09170340949019
"544","2",25/06/09,"2009250056",Oliola,1.21466559598,1.22067568855,41.8717021488,41.8765,"2009",0.171250532010195
"545","2",06/08/00,"2000170131",Garriguella,3.07328754688,3.21332389286,42.2873801916,42.3949,"2000",58.4389316524434
"546","2",22/10/14,"2014170069",Roses,3.2193383604,3.22806257211,42.2371444429,42.2509,"2014",0.34348570887424
"547","2",19/07/12,"2012080313",SANT FELIU SASSERRA,1.99285321527,2.03733338974,41.930731548,41.9898,"2012",3.31188524727321
"548","2",26/07/90,B90040040,SANT QUIRZE DEL VALLÈS,2.04347471307,2.05127769461,41.5221220256,41.5284,"1990",0.283125000000124
"549","2",04/07/94,"894509",Casserres,1.67172321397,2.03602885499,41.9373549243,42.1153,"1994",229.190338087899
"550","2",08/08/91,T91008013,L'Aleixar,1.07962850404,1.11930718684,41.2019400572,41.2258,"1991",3.83126180685516
"551","2",27/07/1994,"4394172",l'Ametlla de Mar,0.81652651567,0.82565825302,40.9212435193,40.942,"1994",0.761402357745775
"552","2",01/03/00,"2000430111",Albiol i Alcover,1.10041923786,1.16741618315,41.2355135582,41.2625,"2000",6.20091904484747
"553","2",27/02/98,"1998430179",Aiguamúrcia,1.43518716856,1.44224911397,41.3454877516,41.3523,"1998",0.178125560660753
"554","2",24/06/03,"2003080117",Masquefa,1.78742394755,1.79886520873,41.4907059068,41.4948,"2003",0.245625756452393
"555","2",30/06/91,G91034012,Maçanet de la Selva,2.7658315706,2.77033240956,41.7459429175,41.7543,"1991",0.196875609541087
"556","2",05/08/86,"088600492",Martorelles,2.2355962606,2.25795966601,41.5308447255,41.5438,"1986",0.879377712615823
"557","2",12/01/09,"2009250096",Canejan,0.75724152243,0.7816314956,42.8274200703,42.8369,"2009",1.00687811111095
"558","2",27/06/89,B89007007,TALAMANCA,1.92787325946,1.93359094513,41.7265675042,41.7309,"1989",0.153750475355807
"559","2",22/02/11,"2011430016",Ulldecona,0.45773152342,0.47055536019,40.626219503,40.6332,"2011",0.232500722951788
"560","2",25/08/94,"4394211",La Bisbal del Penedès,1.48147564871,1.50401204285,41.2883645942,41.3034,"1994",1.29780399397809
"561","2",10/04/06,"2006430101",Vandellós i l'Hospitalet,0.83756466371,0.89076623622,40.946872517,40.9983,"2006",11.7469112490898
"562","2",23/08/94,"2594142",El Pont de Suert,0.81876873142,0.82514166743,42.3816220946,42.3861,"1994",0.15375047192373
"563","2",05/07/05,"2005080355",Castellbisbal,1.95532716324,1.97788197819,41.4737172294,41.498,"2005",2.05688134862468
"564","2",12/11/92,"924300106",El Perelló,0.69634739479,0.70594063798,40.9086849969,40.9148,"1992",0.315625969200887
"565","2",03/06/94,"894117",Vilassar de Dalt,2.34339724388,2.35120448178,41.5132644208,41.5171,"1994",0.132500413620432
"566","2",27/01/89,L89004001,EL PONT DE BAR,1.61560129202,1.61957848567,42.3917357705,42.3958,"1989",0.0825002542936845
"567","2",15/06/12,"2012430141",EL PINELL DE BRAI,0.4808556017,0.49702443637,41.0382729816,41.0529,"2012",1.39396061515678
"568","2",19/09/16,"2016080232",Barcelona,2.16161869972,2.16768340066,41.4444157014,41.4517,"2016",0.212366966739787
"569","2",23/08/94,"2594174",Vilanova de l'Aguda,1.23690728048,1.2774976272,41.9216613884,41.9641,"1994",5.29111654562286
"570","2",22/07/16,"2016430090",Els Pallaresos,1.25544131751,1.26073740198,41.1613330196,41.1653,"2016",0.112739047764235
"571","2",30/07/1991,T91029009,la Figuera,0.7175681746,0.74069726739,41.1991423059,41.2156,"1991",0.827103034911485
"572","2",15/03/98,"1998250035",Sarroca de Bellera,0.85605220016,0.86402617366,42.3757849409,42.3814,"1998",0.194375604511524
"573","2",22/02/17,"2017250004",El Pont de Suert,0.8016802885,0.80854958978,42.4332326719,42.4384,"2017",0.195614698432615
"574","2",01/08/00,"2000170116",Maçanet de la Selva,2.72150378197,2.72745822168,41.7433828779,41.7534,"2000",0.252350785552646
"575","2",18/08/00,"2000170165",Portbou,3.1553818909,3.16572197862,42.4297995876,42.4372,"2000",0.25833874198847
"576","2",16/12/00,"2000430021",Creixell,1.42054945563,1.42838860266,41.1793064255,41.186,"2000",0.193125602386428
"577","2",23/07/91,T91036016,Constantí,1.19792750333,1.20786909483,41.1330369403,41.1411,"1991",0.265000825144354
"578","2",22/07/91,T91030005,Miravet,0.53599070654,0.58679963692,41.0237602602,41.0547,"1991",6.31441966725334
"579","2",21/07/05,"2005080260",Martorell,1.91005634489,1.93300942591,41.4569305199,41.4659,"2005",0.326251015631521
"580","2",18/08/01,"2001170143",Porqueres,2.73675803584,2.74371082989,42.1285536283,42.1344,"2001",0.185000568261217
"581","2",19/07/86,"178600065",Llers,2.90107813954,2.93638951104,42.2992548304,42.3173,"1986",1.1385035076678
"582","2",29/06/94,"894185",Jorba,1.48528367383,1.5050479591,41.6226784577,41.6397,"1994",1.41660434355994
"583","2",14/06/14,"2014430093",El Perelló,0.68370030686,0.69593654797,40.8850192998,40.889,"2014",0.219189528253736
"584","2",22/02/99,"1999430041",El Montmell,1.5304089237,1.5431242706,41.3288094587,41.3372,"1999",0.180000563260632
"585","2",29/07/91,T91012004,Sant Jaume dels Domenys,1.53440677336,1.53891094259,41.315890438,41.3188,"1991",0.0825002546973041
"586","2",29/08/95,"1795187",Garrigoles,3.02615059869,3.03128953667,42.1149558172,42.1219,"1995",0.120000375116897
"587","2",29/02/96,"2596007",Montferrer i Castellbò,1.31559443458,1.32075309055,42.3559165065,42.3607,"1996",0.102500315742898
"588","2",03/07/94,"2594080",Camarasa,0.85296996608,0.87591340887,41.8724708695,41.8812,"1994",1.07100331864053
"589","2",03/07/09,"2009250058",Cabanabona,1.1999241099,1.21844904274,41.8251253397,41.8431,"2009",1.62016754489644
"590","2",22/08/05,"2005430185",La Pobla de Massaluca,0.36709809084,0.39201174608,41.217805742,41.2284,"2005",1.05789140796033
"591","2",20/08/91,L91023017,Camarasa,0.87644762367,0.88444224403,41.9275594143,41.9344,"1991",0.165000511373727
"592","2",01/05/08,"2008250086",Seròs,0.39391717007,0.40166352356,41.4435016057,41.447,"2008",0.123750384445255
"593","2",10/04/94,"4394075",Pontils,1.38726307647,1.42859129378,41.4585355604,41.4799,"1994",2.61090801480634
"594","2",02/07/89,G89002014,Llançà,3.09843165593,3.13121459401,42.3484314762,42.3748,"1989",3.10625963186671
"595","2",22/08/05,"2005430186",Riba-Roja d'Ebre,0.40071783451,0.47728301471,41.2138279822,41.2382,"2005",5.75064270280804
"596","2",16/08/87,T0870048,La Febró,0.96727858765,0.98468404076,41.2603356842,41.2827,"1987",1.08540335991439
"597","2",06/07/86,"088600432",Sant Vicenç de Castellet,1.86109134729,1.89541138078,41.6676675758,41.6886,"1986",2.46825773429767
"598","2",11/08/03,"2003430059",Selva del Camp,1.10728146992,1.11263567851,41.2344127312,41.2421,"2003",0.244375745789546
"599","2",06/08/06,"2006170158",Campmany,2.89417132648,2.9309670806,42.3188405219,42.374,"2006",4.23376314379083
"600","2",04/07/94,"894508",Montmajor,1.67172321396614,2.03602885498763,41.9373549243722,42.1152585844398,"1994",229.190338087899
"601","2",20/07/98,"1998250078",Massoteres,1.2493482098,1.316500837,41.8080649714,41.8582,"1998",5.74141772091952
"602","2",13/10/11,"2011250017",Soriguera,1.19258890015,1.21892285923,42.3738383915,42.3856,"2011",1.71850010241259
"603","2",24/06/17,"2017250043",Agramunt,1.09943205789,1.10349828803,41.8253856895,41.8312,"2017",0.101015758205423
"604","2",18/07/90,T90012014,El Vendrell,1.49307274411,1.49695186723,41.1851801678,41.1899,"1990",0.10125031395595
"605","2",22/07/12,"2012170124",LA JONQUERA,2.82287817018,2.96912496762,42.255746662,42.4589,"2012",104.767524851685
"606","2",26/06/05,"2005080302",Martorell,1.92086847422,1.92717664503,41.4647016284,41.4706,"2005",0.18250056894833
"607","2",11/08/12,"2012170123",GER,1.83949187298,1.86298730237,42.4307509169,42.4535,"2012",2.50188286583735
"608","2",01/07/91,G91020004,Madremanya,2.97398919793,2.97882109289,41.9917443815,42.0068,"1991",0.33437604092468
"609","2",18/03/97,"2597022",Les,0.70940900752,0.71746782112,42.8222849785,42.8287,"1997",0.166400510915346
"610","2",07/08/93,"930800250",Sant Mateu de Bages,1.68833357557,1.69699187115,41.808972287,41.8196,"1993",0.289375892267497
"611","2",30/08/03,"2003430072",Vespella de Gaià,1.37434274099,1.38079958202,41.1943190642,41.2038,"2003",0.25937580614063
"612","2",24/01/94,"894006",Teià,2.32545511181,2.32995755137,41.5041680276,41.5085,"1994",0.115000356444745
"613","2",05/08/16,"2016430096",La Pobla de Montornà¨s,1.39141287069,1.42915999234,41.1977859347,41.2323,"2016",5.3324999999998
"614","2",12/04/98,"1998430045",Els Pallaresos,1.25750019823,1.26797363437,41.1666305891,41.1709,"1998",0.221875696075718
"615","2",18/08/86,"088600538",Aguilar de Segarra,1.60854790688,1.65403593415,41.7237390721,41.7386,"1986",2.56063291629059
"616","2",09/08/90,L90004012,Coll de Nargó,1.24224769635,1.2548067383,42.162028,42.1687,"1990",0.346522000000022
"617","2",15/06/14,"2014430100",Tivissa,0.66780229492,0.71528655595,40.9712661736,41.0086,"2014",8.91054577208684
"618","2",22/08/94,"2594176",Àger,0.66697812898,0.67067204595,42.0066298233,42.0107,"1994",0.0831252612957582
"619","2",12/07/12,"2012430136",VILAVERD,1.1683690544,1.17706577449,41.3416955302,41.354,"2012",0.371876166659784
"620","2",08/08/06,"2006250086",El Vilosell,0.93522266971,0.9472451053,41.3775073157,41.3809,"2006",0.15437547585897
"621","2",02/08/17,"2017250065",Vallbona de les Monges,1.11773470157,1.12744320998,41.515697585,41.5195,"2017",0.174233996019257
"622","2",19/07/93,"930800181",Castellbisbal,1.9693301119,1.97478857068,41.4983985894,41.5047,"1993",0.207500649637237
"623","2",24/07/13,"2013080287",Sant Mateu de Bages,1.67432214341,1.68073660204,41.8416833697,41.8488,"2013",0.21319648175957
"624","2",23/06/01,"2001080145",Castelldefels,1.9372406937,1.94803975969,41.2749837268,41.2806,"2001",0.321251003019295
"625","2",10/08/94,"1794372",Gualba,2.47795545655,2.68283835329,41.7179610041,41.8638,"1994",90.488979726473
"626","2",12/08/03,"2003080286",Jorba,1.49729827353,1.5097593814,41.624062378,41.6356,"2003",0.679377092352825
"627","2",22/03/02,"2002250054",Alins,1.30541300106,1.32399099908,42.574917351,42.5889,"2002",0.5587517288463
"628","2",06/07/94,"1794098",Colera,3.13862361697,3.16490595334,42.402482803,42.4203,"1994",2.29050706941212
"629","2",27/07/90,B90003017,TORRELAVIT,1.71999304162,1.72358455016,41.4598435586,41.4648,"1990",0.0937502906994033
"630","2",15/03/10,"2010250090",Bausen,0.69075034278,0.71477812028,42.835607465,42.8467,"2010",1.21437882776002
"631","2",25/07/04,"2004170040",Biure,2.90566880447,2.91380515998,42.3412036946,42.3471,"2004",0.242500754664566
"632","2",22/10/15,"2015430119",EL PINELL DE BRAI,0.49105529533,0.50125275456,41.0015959333,41.0066,"2015",0.202894146445623
"633","2",12/10/02,"2002170100",Roses,3.19243269147,3.20153373321,42.2558236763,42.2642,"2002",0.362501141534741
"634","2",22/07/93,"932500042",Coll de Nargó,1.23035333377,1.23373730997,42.1638395638,42.1668,"1993",0.0593751830404761
"635","2",05/03/05,"2005430005",El Perelló,0.68947382454,0.70905298082,40.8597463984,40.8721,"2005",1.03812823474951
"636","2",22/08/94,"894405",Olesa de Montserrat,1.905246858,1.91532030683,41.5368060294,41.5449,"1994",0.4122012738998
"637","2",15/05/90,B90011009,Castelldefels,1.95443512415,1.9604979965,41.2790873009,41.2858,"1990",0.121250375972242
"638","2",21/03/92,"922500022",Soriguera,1.19562569569,1.2107828253,42.375681415,42.3823,"1992",0.524376629736537
"639","2",06/07/86,"438600285",Querol,1.4748174409,1.58679202631,41.3582519142,41.4209,"1986",28.3041878257295
"640","2",26/03/90,B90040004,ULLASTRELL,1.9601344302,1.96641859079,41.5195864631,41.5241,"1990",0.121875377910718
"641","2",19/09/13,"2013430116",Tivissa,0.6981934648,0.73802373815,41.0575432828,41.0708,"2013",1.65625509359859
"642","2",27/05/09,"2009250141",La Portella,0.65514293269,0.66591710366,41.726016609,41.7392,"2009",0.282500870579852
"643","2",10/04/94,"2594166",Navès,1.69407804638,1.69868854901,42.0082181091,42.0154,"1994",0.208750655043809
"644","2",17/07/94,"2594108",Torà,1.44344582355,1.47123851742,41.8406339401,41.8726,"1994",2.95020914800117
"645","2",09/08/99,"1999080242",Castellví de la Marca,1.57664833991,1.58657315011,41.3322203241,41.3392,"1999",0.311875968643454
"646","2",07/07/94,"4394150",Vandellós i l'Hospitalet de l'Infant,0.88276175394,0.88958419254,40.9721028754,40.9767,"1994",0.132500407804379
"647","2",01/07/03,"2003250060",Ossó de Sió,1.15718879794,1.28566121996,41.7469974129,41.7884,"2003",13.7544178303881
"648","2",19/06/05,"2005080191",La Palma de Cervelló,1.95891736988,1.96667527716,41.408291331,41.4113,"2005",0.0831252538802339
"649","2",17/07/94,"4394162",Margalef,0.76016903459,0.83654037768,41.2893473558,41.3525,"1994",17.7048545140606
"650","2",12/06/98,"1998430180",Mont-Ral,1.10848594225,1.11885116362,41.2784132191,41.2848,"1998",0.400626238361796
"651","2",01/07/01,"2001080165",Vallbona d'Anoia,1.7115259581,1.72024655491,41.5184484105,41.5392,"2001",0.521876622744066
"652","2",06/11/99,"1999430122",Benifallet,0.4922670541,0.50328088991,40.9413909547,40.9514,"1999",0.435001339150846
"653","2",04/02/12,"2012430139",L'ALBIOL,1.1054128821,1.12824076021,41.2464862629,41.2536,"2012",0.702502151279684
"654","2",04/07/07,"2007430033",Ulldecona,0.40790789965,0.41599020015,40.6102983883,40.6185,"2007",0.211236619760111
"655","2",17/07/94,"4394163",Alcover,1.15640656662,1.19652832689,41.2959265935,41.3165,"1994",3.7863118330525
"656","2",29/05/01,"2001080092",Castelldefels,1.95591871655,1.96785900014,41.282310733,41.2929,"2001",0.525001634718676
"657","2",22/07/05,"2005250132",Bassella,1.29495318712,1.30098817018,42.0013509474,42.0048,"2005",0.0912502849429991
"658","2",22/08/17,"2017080195",Navarcles,1.91730127763,1.92136036678,41.7519802625,41.758,"2017",0.121999854557846
"659","2",13/08/94,"4394194",La Pobla de Montornès,1.40757475064,1.42041778974,41.1956319851,41.2103,"1994",0.934202897756076
"660","2",26/09/04,"2004170080",Torroella de Montgrí,3.10108169303,3.14396938829,42.0456977196,42.0772,"2004",6.05474351829988
"661","2",22/06/98,"1998080113",Gaià,1.91465014924,1.92351487546,41.908856814,41.9219,"1998",0.333901037268394
"662","2",11/08/94,"894496",Sant Cugat del Vallès,2.06959193504,2.10276091461,41.43170855,41.4432,"1994",1.09530342906536
"663","2",23/08/94,"894538",Prats de Lluçanès,2.01249424312,2.04198814702,41.9774231071,41.9992,"1994",2.31660707713927
"664","2",22/06/98,"1998080112",Gaià,1.90059154871,1.91412372377,41.9044140931,41.9283,"1998",1.46430454311687
"665","2",09/10/90,B90040022,MONTCADA I REIXAC,2.1951410783,2.20027560358,41.4779066313,41.4826,"1990",0.0806249999997848
"666","2",18/07/16,"2016080155",Sant Feliu Sasserra,2.00887084061,2.02555114668,41.9217988817,41.9363,"2016",0.893519823879029
"667","2",20/07/94,"894287",Torrelles de Foix,1.5647287938,1.58213707949,41.4261573531,41.4451,"1994",1.58850492129521
"668","2",10/04/94,"894066",Sant Feliu de Llobregat,2.04407742415,2.05306568243,41.4019893028,41.4096,"1994",0.363751115844803
"669","2",18/07/17,"2017080128",Teià ,2.3070102183,2.31514921338,41.5067234177,41.5132,"2017",0.158680525650426
"670","2",04/06/15,"2015170074",Caldes de Malavella,2.76304713258,2.76786931457,41.8315463014,41.8372,"2015",0.102500000000122
"671","2",02/07/09,"2009250095",Oliola,1.12483025738,1.14680100065,41.851580406,41.8688,"2009",1.11672845547969
"672","2",21/04/15,"2015250083",Bossòst,0.67252546499,0.69586244312,42.7893525409,42.8009,"2015",0.749374999999482
"673","2",22/12/01,"2001250083",Espot,1.12014618688,1.12777824381,42.574420795,42.5781,"2001",0.12125036194477
"674","2",22/02/99,"1999430036",Valls,1.19302196365,1.22687125027,41.312145724,41.3338,"1999",2.62875815103238
"675","2",07/03/05,"2005080047",Viladecans,2.05460182559,2.05943627626,41.2810192522,41.2873,"2005",0.114375357006771
"676","2",25/06/94,"4394127",Prat de Comte,0.42845097071,0.43464187492,40.9806363077,40.9844,"1994",0.0837502582408668
"677","2",10/10/97,"1997430093",El Montmell,1.49820334123,1.51834228829,41.3216961349,41.3433,"1997",1.81585567633422
"678","2",18/07/05,"2005080298",Castellnou de Bages,1.83221769827,1.8812484384,41.8265948793,41.8691,"2005",8.25002585101829
"679","2",22/08/94,"894398",Sant Llorenç Savall,2.03215101693,2.04697308834,41.6811633521,41.6933,"1994",0.934202911405514
"680","2",22/07/02,"2002080141",Montcada i Reixach,2.20287069037,2.20978531826,41.4815579443,41.4885,"2002",0.175625545385453
"681","2",08/07/1993,"930800153",Mediona,1.63971509437,1.64270934997,41.4882148402,41.4948,"1993",0.109375335475387
"682","2",27/08/95,"4395185",Benifallet,0.56469703969,0.68005402403,40.8807837258,40.9722,"1995",48.1861488790788
"683","2",19/03/98,"1998250043",Farrera,1.27868191371,1.28657784999,42.5047757787,42.5095,"1998",0.198750622886741
"684","2",29/08/10,"2010080167",Olivella,1.77811129036,1.78606010286,41.2998357151,41.3158,"2010",0.641876991100971
"685","2",02/09/88,B0880184,Cubelles,1.6640244549,1.68451715866,41.2316514133,41.2521,"1988",1.71990531047785
"686","2",13/06/93,"934300059",El Vendrell,1.46996314892,1.50102144248,41.2053167538,41.2272,"1993",3.61711113740671
"687","2",15/06/17,"2017080061",Cardedeu,2.36629583368,2.37099142667,41.6427068002,41.6463,"2017",0.0769960220438361
"688","2",31/08/91,L91018012,Juncosa,0.73631547934,0.75278884124,41.3578097265,41.3689,"1991",0.437401369451718
"689","2",05/08/03,"2003430055",Alcover,1.16201655274,1.17918834321,41.2782530673,41.3065,"2003",2.32500730075221
"690","2",26/01/14,"2014080187",Tiana,2.27515063461,2.27882039685,41.4931821537,41.4977,"2014",0.0964771760305871
"691","2",03/08/06,"2006170136",Sant Climent Sescebes,2.96977553333,2.9961968702,42.3580403527,42.3947,"2006",2.82438370390701
"692","2",05/08/91,B91007026,Manresa,1.86324555037,1.86880743592,41.700330311,41.7104,"1991",0.196875612397832
"693","2",06/07/86,"438600283",L'Argentera,0.86030207076,0.91059203159,41.1124564077,41.1656,"1986",11.0304334467623
"694","2",15/08/86,"178600103",Bescanó,2.70600172176,2.72172956108,41.9347486782,41.9476,"1986",0.602501875786413
"695","2",02/09/86,"438600316",Horta de Sant Joan,0.36398487509,0.38515193234,40.9476356799,40.9758,"1986",1.87920586016303
"696","2",27/01/08,"2008250043",Bausen,0.68273729279,0.70949151364,42.8361050757,42.8476,"2008",1.59000501603232
"697","2",12/06/98,"1998430064",Benifallet,0.50851376492,0.56615599074,40.9359176208,40.9635,"1998",5.03121564510177
"698","2",25/01/03,"2003170003",Colera,3.14674468858,3.16436875544,42.3954497338,42.4029,"2003",0.321875989994548
"699","2",24/08/15,"2015430117",l'Ametlla de Mar,0.82620990171,0.84205590462,40.9324919981,40.9408,"2015",0.451402412714219
"700","2",15/02/00,"2000430055",La Fatarella,0.53633131322,0.55203382059,41.1013623422,41.1091,"2000",0.604376898786414
"701","2",14/06/18,"2018170013",Llançà ,3.12301399962002,3.12732200011532,42.3491510001734,42.3521449995821,"2018",0.0749520597741132
"702","2",01/07/18,92/18N,Cervera,1.23602625065396,1.24529596648958,41.6672426465131,41.6690665483072,"2018",0.0844624888413735
"703","2",04/07/18,"2018250030",Massoteres,1.32171210785903,1.3276183332477,41.8239212039215,41.8281537303649,"2018",0.0734653862119297
"704","2",04/07/18,"2018170028",Vilopriu,2.99420305042769,3.0009921896276,42.1086299503858,42.1180921910915,"2018",0.208534511074126
"705","2",22/03/18,"2018170005",Llers,2.90915099943871,2.91226200045118,42.3045950004483,42.3094869997258,"2018",0.0620687757943837
"706","2",25/06/18,"2018250026",Torrefeta i Florejacs,1.23113390179384,1.23515185038255,41.7159569266022,41.719556451613,"2018",0.0816342475090129
"707","2",20/06/18,"67/18N
",Sant Martí de Riucorb,1.00293322451111,1.01290783123881,41.5792050796348,41.5862021953112,"2018",0.274489441350237
"708","2",27/09/18,"2018250060",Vallbona de les Monges,1.08256330011752,1.08792500027983,41.5105249999495,41.5142900003213,"2018",0.0868197700896098
"709","2",20/02/18,"2018250005",Castelló de Farfanya,0.726980438154091,0.7369475299271,41.8431901909355,41.8452554916249,"2018",0.125399684352111
"710","2",02/09/18,287/18N,Torregrossa,0.819715241197215,0.824155898713252,41.6099275350439,41.6148618688612,"2018",0.124758677667263
"711","2",01/01/18,"2018080002",Castelldefels,1.94161669724101,1.94412669698366,41.2732250006096,41.2779133006512,"2018",0.0679839433149712
"712","2",07/08/18,"2018430067",Cabra del Camp,1.33140376894492,1.33440365168533,41.3813674455308,41.3875026637032,"2018",0.0944234066042048
