CODI_FINAL,DATA_INCEN,GRID_CODE,MUNICIPI,AREA,AREAKM2,XMIN,YMIN,XMAX,Y_MAX
4394035,24/03/94,2,Móra d'Ebre,182170.138,0.182,0.603961,41.122383,0.610549,41.127740
2001250083,22/12/01,2,Espot,121414.210,0.121,1.120146,42.574421,1.127778,42.578081
2005250063,20/03/05,2,Les Valls d'Aguilar,210963.749,0.211,1.331914,42.291956,1.340485,42.297764
894414,24/08/94,2,Castelledefels,241818.253,0.242,1.961855,41.288733,1.969596,41.294376
2003080293,13/08/03,2,Tordera,10099567.310,10.100,2.702462,41.719882,2.755350,41.773056
2000430111,01/03/00,2,Albiol i Alcover,6213050.624,6.213,1.100419,41.235514,1.167416,41.262502
2008250093,06/05/08,2,Torres de Segre,196519.023,0.197,0.519065,41.544653,0.533850,41.552361
920800034,14/04/92,2,Gavà,110259.177,0.110,1.977051,41.301384,1.985998,41.304372
2594142,23/08/94,2,El Pont de Suert,153940.385,0.154,0.818769,42.381622,0.825142,42.386116
894228,04/07/94,2,Castellterçol,396868.426,0.397,2.103051,41.739547,2.111424,41.751696
1998080180,19/07/98,2,Cardona,86843370.320,86.843,1.463163,41.886947,1.659478,41.986457
924300102,03/10/92,2,Calafell,913742.220,0.914,1.594836,41.207182,1.616601,41.218916
2002170100,12/10/02,2,Roses,363254.503,0.363,3.192433,42.255824,3.201534,42.264160
894515,04/07/94,2,Sant Mateu de Bages,160772779.900,160.773,1.638083,41.748144,1.878986,41.961085
2006430038,24/06/06,2,Montblanc,295389.162,0.295,1.110505,41.382141,1.134565,41.395215
894538,23/08/94,2,Prats de Lluçanès,2321361.365,2.321,2.012494,41.977423,2.041988,41.999199
L90023010,05/08/90,2,ÀGER,143948.486,0.144,0.746758,41.937770,0.754514,41.942625
2013430115,14/08/13,2,Aiguamúrcia,685447.357,0.685,1.411459,41.381169,1.421074,41.395290
2016250033,19/07/16,2,Ribera d'Ondara,1046909.259,1.047,1.353204,41.608305,1.365975,41.631428
2594068,10/06/94,2,Artesa de Lleida,156488.740,0.156,0.703783,41.527617,0.715400,41.534248
2001080222,02/08/01,2,La Garriga,129667.496,0.130,2.285730,41.701776,2.290794,41.708557
2001170061,19/06/01,2,Torroella de Montgrí,3407354.139,3.407,3.140490,42.079344,3.167699,42.102544
2006080093,07/07/06,2,Castellnou de Bages,179117.361,0.179,1.804296,41.811885,1.810628,41.819352
2016250055,29/10/16,2,La Guingueta d'Àneu,6330397.583,6.330,1.094888,42.651130,1.153124,42.683421
G90031005,30/03/90,2,PARDINES,157809.392,0.158,2.228279,42.311291,2.234638,42.316244
T0870049,17/08/87,2,La Morera de Montsant,5836620.414,5.837,0.778457,41.231288,0.814850,41.271349
2000250003,19/01/00,2,Espot,162718.121,0.163,1.094815,42.570891,1.104999,42.576456
B89003034,31/07/89,2,FONT-RUBÍ,435628.937,0.436,1.612196,41.447381,1.623442,41.457904
2594176,22/08/94,2,Àger,83231.980,0.083,0.666978,42.006630,0.670672,42.010673
2005430005,05/03/05,2,El Perelló,1040003.819,1.040,0.689474,40.859746,0.709053,40.872088
2008250042,14/02/08,2,Bossòst,1355662.992,1.356,0.662194,42.789811,0.695485,42.801588
930800281,18/08/1993,2,Sant Fost de Campsentelles,121534.007,0.122,2.240945,41.503420,2.246100,41.509492
T0870051,18/08/87,2,Sarral,3019107.984,3.019,1.263627,41.437654,1.300511,41.458968
894368,14/07/94,2,Viladecans,203627.489,0.204,1.987378,41.318263,1.995056,41.324339
2006170166,07/08/06,2,Palau de Santa Eulàlia,192909.706,0.193,2.975016,42.169132,2.980770,42.181290
2005080302,26/06/05,2,Martorell,182912.341,0.183,1.920868,41.464702,1.927177,41.470581
1998080113,22/06/98,2,Gaià,334584.994,0.335,1.914650,41.908857,1.923515,41.921896
2009250089,17/07/09,2,Agramunt,49942082.770,49.942,1.090198,41.804195,1.340001,41.864843
1999430041,22/02/99,2,El Montmell,180387.199,0.180,1.530409,41.328809,1.543124,41.337235
931700042,22/07/93,2,El Port de la Selva,4844733.918,4.845,3.234519,42.291721,3.275203,42.324743
2003080195,13/07/03,2,Castellvell i el Vil.lar,3714800.428,3.715,1.816250,41.645411,1.850787,41.673506
2005430129,10/04/05,2,Cunit,263092.142,0.263,1.630104,41.204051,1.639202,41.213918
2016080232,19/09/16,2,Barcelona,212864.801,0.213,2.161619,41.444416,2.167683,41.451694
B91013009,21/07/91,2,Barcelona,773690.838,0.774,2.083501,41.387039,2.100875,41.394518
T89008001,03/03/89,2,RIUDECANYES,588606.075,0.589,0.955099,41.146882,0.966364,41.158869
894508,04/07/94,2,Montmajor,229643349.800,229.643,1.671723,41.937355,2.036029,42.115259
2013170102,11/11/13,2,Vilopriu,7352870.079,7.353,2.981289,42.033717,3.017407,42.118688
2007080187,07/07/07,2,Santa Maria d'Oló,119023.250,0.119,2.013784,41.875960,2.020716,41.880051
931700126,13/09/93,2,Santa Coloma de Farners,1338022.624,1.338,2.698964,41.848466,2.723625,41.862657
1998250077,20/07/98,2,Castelló de Farfanya,247214.334,0.247,0.669416,41.814142,0.676748,41.819590
2005430092,30/04/05,2,La Palma d'Ebre,1516140.530,1.516,0.620280,41.262045,0.643752,41.288489
B90013007,27/07/90,2,BARCELONA,187011.129,0.187,2.156617,41.446410,2.164716,41.451025
2002250044,13/03/02,2,El Pont de Suert,439877.949,0.440,0.717652,42.429704,0.731408,42.436831
1999250004,06/02/99,2,Tremp,194632.001,0.195,0.801551,42.165862,0.810950,42.169139
2002080116,11/07/02,2,Castellbisbal,1266596.433,1.267,1.928137,41.484193,1.947163,41.502347
L91004012,21/07/91,2,Ribera d'Urgellet,115815.728,0.116,1.407421,42.291624,1.414719,42.294533
T91012004,29/07/91,2,Sant Jaume dels Domenys,82678.064,0.083,1.534407,41.315890,1.538911,41.318821
2007080014,10/03/07,2,Cabrera de Mar,116044.287,0.116,2.382299,41.520100,2.389848,41.525914
L91023017,20/08/91,2,Camarasa,165244.243,0.165,0.876448,41.927559,0.884442,41.934421
2011170017,12/05/11,2,Sant Climent Sescebes,91434.199,0.091,2.957243,42.405451,2.961804,42.411304
4394128,12/08/94,2,Vandellós-Hospitalet de l'Infant,130746.736,0.131,0.838589,40.937638,0.848684,40.941839
894469,11/08/94,2,Badalona,6903450.479,6.903,2.220876,41.476387,2.292835,41.504416
2000170017,10/02/00,2,Toses,528876.710,0.529,2.014350,42.321458,2.030794,42.329731
178600061,19/07/86,2,Vilademuls,1546803.710,1.547,2.851949,42.130060,2.872293,42.149771
2000430094,13/08/00,2,Prat del Comte,2584919.947,2.585,0.357879,40.974280,0.389527,40.993812
2014250067,17/03/14,2,Les,140134.208,0.140,0.704416,42.823508,0.712048,42.827649
931700088,29/08/93,2,Roses,12676606.620,12.677,3.176971,42.253988,3.251094,42.303788
T91030005,22/07/91,2,Miravet,6324655.790,6.325,0.535991,41.023760,0.586800,41.054682
922500024,21/03/92,2,Alins,486329.267,0.486,1.260609,42.551500,1.271362,42.560254
1998430098,30/07/98,2,Pontils,703802.871,0.704,1.360168,41.466924,1.372270,41.479939
2009430121,07/11/09,2,Sant Jaume dels Domenys,1013464.393,1.013,1.532652,41.311943,1.554848,41.321980
438600302,28/07/86,2,Montblanc,1488816.007,1.489,1.211985,41.347828,1.231561,41.372105
2014430108,15/05/14,2,Aiguamúrcia,405993.476,0.406,1.364890,41.375992,1.376858,41.383115
2012430136,12/07/12,2,VILAVERD,372595.537,0.373,1.168369,41.341696,1.177066,41.353980
B90011022,05/08/90,2,OLESA DE MONTSERRAT,1734516.829,1.735,1.889544,41.561626,1.918828,41.576280
178600062,19/07/86,2,El Port de la Selva,62994634.110,62.995,3.111146,42.240365,3.285994,42.358085
G89002014,02/07/89,2,LLANÇÀ,3112584.189,3.113,3.098432,42.348431,3.131215,42.374783
T89012001,01/03/89,2,LA BISBAL DEL PENEDÀS,934488.143,0.934,1.440962,41.272800,1.460358,41.282331
930800137,28/06/1993,2,Montcada i Reixac,248079.824,0.248,2.206200,41.481789,2.214530,41.489717
2003080322,05/09/03,2,Montcada i Reixach,118401.870,0.118,2.188942,41.469908,2.195204,41.475120
894080,10/04/94,2,Sant Martí Sarroca,4311340.274,4.311,1.579818,41.341982,1.625679,41.377052
2004430090,10/10/04,2,Pontils,145920.605,0.146,1.402889,41.446104,1.410901,41.451610
1998250018,19/02/98,2,La Vall de Boí,381341.973,0.381,0.877067,42.508560,0.891299,42.514004
B0880104,02/08/88,2,Sallent,561796.293,0.562,1.920936,41.833231,1.933750,41.845490
2000250031,27/02/00,2,Fígols i Alinyà,145875.830,0.146,1.458043,42.190273,1.465549,42.195518
934300075,10/07/93,2,El Perelló,9543581.103,9.544,0.652161,40.847195,0.707448,40.890624
2012250165,08/03/12,2,LES VALLS DE VALIRA,1769783.506,1.770,1.472369,42.370575,1.489835,42.393875
438600316,02/09/86,2,Horta de Sant Joan,1881999.845,1.882,0.363985,40.947636,0.385152,40.975834
T91030011,26/07/91,2,la Torre de l'Espanyol,13988180.330,13.988,0.639793,41.167838,0.734440,41.208444
894066,10/04/94,2,Sant Feliu de Llobregat,364597.913,0.365,2.044077,41.401989,2.053066,41.409632
2006080075,02/07/06,2,Argençola,609949.593,0.610,1.427563,41.604054,1.436380,41.619393
2015250083,21/04/15,2,BOSSÒST,750087.775,0.750,0.672525,42.789353,0.695862,42.800929
2002250100,21/06/02,2,Vilanova de l'Aguda,284866.383,0.285,1.267419,41.945012,1.277832,41.953701
4397095,12/10/97,2,Mont-Roig del Camp,202887.846,0.203,0.932473,41.037400,0.940229,41.042849
"L90035002",11/07/90,2,NAVÀS,408274.479,0.408,1.667129,42.015194,1.673883,42.027828
2011250013,26/01/11,2,Vielha e Mijaran,105114.272,0.105,0.809853,42.704688,0.815344,42.708121
2001170143,18/08/01,2,Porqueres,185395.307,0.185,2.736758,42.128554,2.743711,42.134415
1998250043,19/03/98,2,Farrera,199044.427,0.199,1.278682,42.504776,1.286578,42.509497
088600481,29/07/86,2,Sallent,12311444.320,12.311,1.903268,41.836641,1.969072,41.917629
2012170122,09/03/12,2,SANTA CRISTINA D'ARO,3292663.035,3.293,2.925498,41.769064,2.958142,41.812608
2001170058,18/06/01,2,Cadaqués,16988243.710,16.988,3.225458,42.239976,3.285780,42.304578
4394061,07/04/94,2,Roquetes,251649.050,0.252,0.397737,40.784639,0.404155,40.791892
2008430020,01/05/08,2,Montblanc,154197.257,0.154,1.172817,41.390225,1.180319,41.412559
B90006018,02/08/90,2,CASTELLOLÍ,531114.981,0.531,1.697817,41.607374,1.710197,41.616136
4394172,27/07/1994,2,l'Ametlla de Mar,762829.666,0.763,0.816527,40.921244,0.825658,40.941977
4394075,10/04/94,2,Pontils,2616172.604,2.616,1.387263,41.458536,1.428591,41.479850
2001080165,01/07/01,2,Vallbona d'Anoia,522995.715,0.523,1.711526,41.518448,1.720247,41.539180
4394096,04/06/94,2,Paüls,204065.806,0.204,0.437057,40.960636,0.446030,40.965341
4397096,12/10/97,2,Gandesa,210322.044,0.210,0.458172,41.039871,0.465739,41.045708
T89030006,21/07/89,2,TIVISSA,22202068.990,22.202,0.655855,40.990637,0.750616,41.052936
2016250022,19/07/16,2,Vallbona de les Monges,6800928.478,6.801,1.094302,41.514211,1.139256,41.561484
2001250030,22/06/01,2,Camarasa,2214048.915,2.214,0.933961,41.867903,0.958333,41.891800
438600285,06/07/86,2,Querol,28364179.340,28.364,1.474817,41.358252,1.586792,41.420876
2001080162,01/07/01,2,Martorell,312572.810,0.313,1.885878,41.487490,1.898531,41.495803
2011430016,22/02/11,2,Ulldecona,232898.452,0.233,0.457732,40.626220,0.470555,40.633216
2011250017,13/10/11,2,Soriguera,1721063.790,1.721,1.192589,42.373838,1.218923,42.385619
2003080286,12/08/03,2,Jorba,680733.596,0.681,1.497298,41.624062,1.509759,41.635640
2000430128,01/03/00,2,Amposta,383807.302,0.384,0.557518,40.671232,0.569479,40.678870
2000080046,20/02/00,2,Viver i Serrateix,144038.059,0.144,1.814210,41.930594,1.820809,41.935818
2005250161,27/07/05,2,Artesa de Segre,668988.428,0.669,1.085101,41.924415,1.093995,41.940794
L91026006,20/07/91,2,Vall de Cardós,490074.706,0.490,1.209649,42.530378,1.222048,42.542099
2007250057,04/07/07,2,Sanaüja,536114.230,0.536,1.267903,41.857588,1.284104,41.868011
2003170079,13/07/03,2,Caldes de Malavella,556264.505,0.556,2.758353,41.821322,2.765283,41.841140
B90040056,27/07/90,2,CASTELLBISBAL,429720.904,0.430,1.966756,41.488929,1.976043,41.498147
2003430030,30/06/03,2,Calafell,121521.366,0.122,1.589961,41.200746,1.594764,41.205688
2001170076,27/06/01,2,Begur,234898.793,0.235,3.209539,41.926581,3.215563,41.934464
T91008007,07/07/91,2,Vilanova d'Escornalbou,1681661.677,1.682,0.919468,41.093368,0.939394,41.112619
1998430149,25/10/98,2,Flix,170256.299,0.170,0.528373,41.246908,0.539181,41.251369
2003430046,28/07/03,2,Barberà de la Conca,194755.355,0.195,1.234072,41.391750,1.240160,41.398038
4394147,07/07/94,2,Mont-ral,1872864.446,1.873,1.079053,41.290767,1.104497,41.308387
2003430039,12/07/03,2,Senan,720661.405,0.721,1.026238,41.477843,1.045052,41.488190
4394076,10/04/94,2,Tivissa,23636893.350,23.637,0.789777,41.020107,0.906470,41.073890
2015170074,04/06/15,2,CALDES DE MALAVELLA,102733.229,0.103,2.763047,41.831546,2.767869,41.837177
2016080162,22/07/16,2,Olivella,140527.323,0.141,1.795084,41.317788,1.801012,41.323276
2007170092,10/03/07,2,Camprodon,100826.721,0.101,2.427934,42.319024,2.432768,42.323993
894445,14/07/94,2,Montcada i Reixac,4150588.973,4.151,2.199458,41.480043,2.236649,41.508284
2002430070,07/08/02,2,Montblanc,4577057.939,4.577,1.183949,41.322485,1.209993,41.363187
2005430098,13/05/05,2,Bonastre,40085.886,0.040,1.447096,41.238636,1.449184,41.242254
2002430065,30/07/02,2,El Perelló,53219.305,0.053,0.644531,40.847517,0.648415,40.849821
4394032,"21/03/94",2,Vandellós,378847.602,0.379,0.883564,40.965861,0.892625,40.974001
T91030010,31/07/91,2,Tivissa,4461885.526,4.462,0.821769,41.078467,0.869908,41.099752
2014250069,21/06/14,2,Oliola,548819.963,0.549,1.220836,41.902982,1.230953,41.915690
2012080314,12/06/12,2,CASTELLET I LA GORNAL,5889357.082,5.889,1.656143,41.243203,1.708487,41.266232
2003080294,13/08/03,2,Olèrdola,1264707.926,1.265,1.696863,41.299750,1.720545,41.315751
2003255555,01/07/03,2,Torrefeta i Florejacs,3497547.418,3.498,1.274214,41.812645,1.324000,41.830135
2015250082,31/03/15,2,VALL DE CARDÓS,266577.939,0.267,1.219504,42.605116,1.227293,42.614294
2013430119,26/08/13,2,Riba-Roja d'Ebre,175857.416,0.176,0.393202,41.223810,0.403949,41.227171
2009250058,03/07/09,2,Cabanabona,1622985.812,1.623,1.199924,41.825125,1.218449,41.843052
930800371,21/08/1993,2,Sant Fost de Campsentelles,218010.434,0.218,2.251192,41.499668,2.259589,41.505065
2016250044,05/09/16,2,Ribera d'Urgellet,135236.651,0.135,1.352602,42.336128,1.358798,42.343040
2008250086,01/05/08,2,Seròs,123911.339,0.124,0.393917,41.443502,0.401664,41.447032
L89023004,26/06/89,2,LA BARONIA DE RIALB,127085.388,0.127,1.211052,42.022047,1.214486,42.028588
2004170040,25/07/04,2,Biure,242996.569,0.243,2.905669,42.341204,2.913805,42.347059
2015430117,24/08/15,2,L'AMETLLA DE MAR,452252.357,0.452,0.826210,40.932492,0.842056,40.940774
2001080092,29/05/01,2,Castelldefels,526237.151,0.526,1.955919,41.282311,1.967859,41.292936
922500018,23/02/92,2,La Guingueta d'Àneu,157089.134,0.157,1.155490,42.606578,1.168086,42.610286
1998430147,20/10/98,2,Ulldecona,3710885.575,3.711,0.513034,40.607513,0.549520,40.632805
2006250035,01/07/06,2,Riner,577981.530,0.578,1.578168,41.893492,1.593203,41.902139
B90040022,09/10/90,2,MONTCADA I REIXAC,80813.570,0.081,2.195141,41.477907,2.200276,41.482610
2005080231,08/07/05,2,Cardona,11294171.580,11.294,1.713299,41.891093,1.757904,41.954802
894221,02/07/94,2,Subirats,829879.107,0.830,1.846788,41.387435,1.866879,41.396027
2004250003,05/02/04,2,Naut Aran,323557.168,0.324,0.828894,42.704423,0.841228,42.712116
2012170119,14/08/12,2,VILOPRIU,153135.336,0.153,2.996664,42.114791,3.003258,42.121269
2594161,23/08/94,2,La Baronia de Rialb,98285.592,0.098,1.182233,42.033054,1.186479,42.036899
438600244,18/04/86,2,Tortosa,1789509.250,1.790,0.593869,40.845126,0.615896,40.864462
178600066,19/07/86,2,Avinyonet de Puigventós,1015241.538,1.015,2.927031,42.247950,2.939470,42.265060
2003080211,19/07/03,2,Talamanca,1624110.829,1.624,1.974736,41.742095,1.994933,41.758531
2016430004,06/01/16,2,Albinyana,154495.156,0.154,1.466692,41.225926,1.475883,41.231390
4395148,25/06/95,2,Sant Jaume dels Domenys,8285088.459,8.285,1.466764,41.288008,1.523942,41.326903
896056,24/07/96,2,Sallent,129016.721,0.129,1.936999,41.886481,1.945453,41.889624
2005430087,30/04/05,2,Godall,114571.875,0.115,0.494116,40.675819,0.498271,40.681014
B89007007,27/06/89,2,TALAMANCA,154079.264,0.154,1.927873,41.726568,1.933591,41.730856
T89001005,25/07/89,2,AIGUAMÚRCIA,2107634.577,2.108,1.398515,41.372412,1.418357,41.394535
2009250098,02/07/09,2,Vilanova de l'Aguda,458925.721,0.459,1.266630,41.899679,1.278819,41.910380
T91030006,22/07/91,2,Vinebre,2541232.246,2.541,0.659286,41.234698,0.697477,41.264335
2009250100,02/07/09,2,Nalec,286406.529,0.286,1.117139,41.554195,1.128370,41.565218
T89037006,22/06/89,2,PRAT DE COMTE,9426983.324,9.427,0.444951,40.956168,0.496941,40.993687
894405,22/08/94,2,Olesa de Montserrat,413115.231,0.413,1.905247,41.536806,1.915320,41.544932
4394091,05/05/94,2,Alforja,154163.251,0.154,0.971560,41.193824,0.977467,41.198791
1999430010,10/02/99,2,Tortosa,713273.905,0.713,0.599587,40.839334,0.617799,40.849927
B89017012,17/07/89,2,OLIVELLA,160989.287,0.161,1.756536,41.302846,1.764320,41.308713
931700040,20/07/93,2,Roses,418472.502,0.418,3.210977,42.236187,3.220431,42.244843
2001250055,01/08/01,2,Vinaixa,1046827.553,1.047,0.954320,41.457547,0.978882,41.478786
2015080224,01/07/15,2,BARCELONA,201614.697,0.202,2.146658,41.441704,2.153048,41.448139
2006080048,23/06/06,2,Sant Antoni de Vilamajor,155984.298,0.156,2.416659,41.661937,2.421472,41.668249
G91034012,30/06/91,2,Maçanet de la Selva,197331.296,0.197,2.765832,41.745943,2.770332,41.754280
924300106,12/11/92,2,El Perelló,316190.914,0.316,0.696347,40.908685,0.705941,40.914761
T89030005,21/07/89,2,ASCÓ,1955250.311,1.955,0.586118,41.136866,0.620362,41.157220
438600291,16/07/86,2,Aiguamúrcia,1093966.228,1.094,1.401242,41.354168,1.432426,41.363471
438600293,18/07/86,2,Ulldecona,3143859.084,3.144,0.503554,40.590738,0.537465,40.624652
2010430093,30/07/10,2,Tarragona,1075406.667,1.075,1.328799,41.137704,1.341785,41.157371
2009170156,20/06/09,2,Pals,212612.119,0.213,3.153127,41.958424,3.157890,41.967148
2006170122,04/08/06,2,Ventalló,9610689.657,9.611,3.027667,42.085141,3.067252,42.142335
4394084,14/04/94,2,Ulldecona,312421.733,0.312,0.482629,40.577557,0.490370,40.588601
2003080257,07/08/03,2,Copons,425844.142,0.426,1.482254,41.637799,1.496374,41.643920
2594037,01/04/94,2,Coll de Nargó,254788.311,0.255,1.256445,42.159760,1.265285,42.165800
2008250043,27/01/08,2,Bausen,1591497.728,1.591,0.682737,42.836105,0.709492,42.847612
T91008013,08/08/91,2,L'Aleixar,3838723.486,3.839,1.079629,41.201940,1.119307,41.225799
"1796147",10/11/96,2,Llançà,373256.890,0.373,3.138602,42.369296,3.149848,42.376950
2012250164,21/06/12,2,SANT GUIM DE FREIXENET,1037229.811,1.037,1.393703,41.649668,1.421142,41.659614
894059,09/04/94,2,Olivella,44669586.000,44.670,1.798555,41.242601,1.926310,41.326814
2009080286,24/07/09,2,Pujalt,838497.233,0.838,1.419982,41.683078,1.457283,41.689244
T90012014,18/07/90,2,EL VENDRELL,101472.373,0.101,1.493073,41.185180,1.496952,41.189919
4394237,19/09/94,2,Mas de Barberans,1156186.533,1.156,0.336007,40.710655,0.361887,40.729675
088600568,16/08/86,2,Collbató,1544151.724,1.544,1.822718,41.573385,1.852135,41.593476
438600284,06/07/86,2,Vilaverd,32525993.440,32.526,1.103684,41.275735,1.205360,41.364007
2005080191,19/06/05,2,La Palma de Cervelló,83316.116,0.083,1.958917,41.408291,1.966675,41.411275
894324,31/07/94,2,Avinyó,349929.722,0.350,1.982254,41.880110,1.991913,41.890723
2004080134,20/08/04,2,Sant Vicenç de Castellet,169611.778,0.170,1.863745,41.672946,1.874731,41.676237
2010250091,05/04/10,2,Albesa,176487.615,0.176,0.613781,41.770906,0.620659,41.778705
4395051,13/04/95,2,Vendrell,412197.710,0.412,1.475595,41.201473,1.495035,41.208388
934300082,16/07/93,2,La Palma d'Ebre,9357065.270,9.357,0.674613,41.295381,0.720066,41.341941
1998250143,19/07/98,2,Talarn,306051.315,0.306,0.920989,42.188883,0.927602,42.199678
1999430061,04/04/99,2,Montblanc,321248.657,0.321,1.185834,41.347883,1.192661,41.360507
2013430121,19/04/13,2,Pradell de la Teixeta,549351.615,0.549,0.888597,41.162428,0.905824,41.168886
L91004005,26/05/91,2,Coll de Nargó,582412.905,0.582,1.223634,42.164124,1.236533,42.175159
2007170159,31/12/07,2,Queralbs,719129.714,0.719,2.151517,42.357997,2.167016,42.368115
894299,27/07/94,2,Sant Cugat del Vallès,122781.111,0.123,2.018512,41.463174,2.025648,41.468184
2002250055,22/03/02,2,Conca de Dalt,287893.054,0.288,0.906277,42.235941,0.919158,42.242048
2012250158,06/02/12,2,ÀGER,472610.446,0.473,0.771022,42.020560,0.782131,42.029168
G0880127,16/09/88,2,Cadaqués,3206968.644,3.207,3.268399,42.292727,3.291295,42.325435
4395005,13/01/95,2,Montblanc,359446.976,0.359,1.177772,41.347962,1.191426,41.355895
2005430026,19/02/05,2,Cabacés,135853.603,0.136,0.751910,41.248591,0.758951,41.256052
2012430143,15/05/12,2,RASQUERA,27932043.300,27.932,0.591059,40.893266,0.656355,40.974917
0895211,08/07/95,2,Torrelles de Llobregat,2386912.279,2.387,1.920179,41.345810,1.950776,41.367608
1998430179,27/02/98,2,Aiguamúrcia,178497.760,0.178,1.435187,41.345488,1.442249,41.352302
1795106,23/06/95,2,Portbou,397045.845,0.397,3.156283,42.417112,3.167542,42.425434
T91030007,23/07/91,2,Tivissa,880347.064,0.880,0.823509,41.076901,0.834841,41.088687
894329,04/07/94,2,St Feliu Codines,2763677.910,2.764,2.163828,41.675903,2.206946,41.697594
2003170055,20/06/03,2,Vilademuls,378941.051,0.379,2.883666,42.102369,2.897879,42.108227
2007430112,02/08/07,2,Benifallet,102659.596,0.103,0.445227,40.958439,0.452430,40.965578
2000080098,07/04/00,2,Sant Llorenç Savall,286879.686,0.287,2.043485,41.686719,2.052276,41.693214
894344,05/08/94,2,Castellar del Vallès,92407.997,0.092,2.072579,41.585212,2.078325,41.590953
2012430141,15/06/12,2,EL PINELL DE BRAI,1396125.743,1.396,0.480856,41.038273,0.497024,41.052855
922500034,23/02/92,2,Coll de Nargó,152743.161,0.153,1.234204,42.199064,1.241828,42.202712
438600236,09/03/86,2,El Perelló,629853.443,0.630,0.628653,40.866474,0.643450,40.877439
2595032,06/05/95,2,La Portella,240336.260,0.240,0.656071,41.729374,0.665393,41.738057
B0880184,02/09/88,2,Cubelles,1723785.178,1.724,1.664024,41.231651,1.684517,41.252143
2007430033,04/07/07,2,Ulldecona,211589.377,0.212,0.407908,40.610298,0.415990,40.618503
2012250159,08/03/12,2,COLL DE NARGÓ,271881.293,0.272,1.260126,42.200138,1.272191,42.206291
2002430043,22/06/02,2,Tivissa,549734.288,0.550,0.767044,41.033959,0.778894,41.043289
2012080307,24/06/12,2,BARCELONA,102935.309,0.103,2.166495,41.448226,2.173382,41.451753
258600206,02/08/86,2,Oliana,6720078.505,6.720,1.318174,42.048983,1.363131,42.094907
4396103,26/07/96,2,La Riba,536550.555,0.537,1.179725,41.311686,1.194989,41.321803
2012430140,27/06/12,2,CABACÉS,1161431.513,1.161,0.750120,41.234541,0.773589,41.245434
T91036026,08/08/91,2,Salou,430258.538,0.430,1.159822,41.065943,1.172111,41.074984
2012250162,01/08/12,2,FÍGOLS I ALINYÀ,174226.890,0.174,1.433606,42.215516,1.440708,42.220490
2011250014,11/02/11,2,Alt Àneu,936077.675,0.936,1.099566,42.677792,1.125746,42.684605
G89031003,03/02/89,2,TOSES,1098320.910,1.098,2.021074,42.340029,2.035935,42.356040
1794098,06/07/94,2,Colera,2295111.054,2.295,3.138624,42.402483,3.164906,42.420288
2012080312,29/06/12,2,ELS PRATS DE REI,8737347.390,8.737,1.546818,41.697149,1.582651,41.747734
4395032,20/03/95,2,El Montmell,251159.906,0.251,1.533238,41.369322,1.542522,41.375000
1999430122,06/11/99,2,Benifallet,435699.141,0.436,0.492267,40.941391,0.503281,40.951380
2000250080,05/08/00,2,Vilanova de Meià,327399.202,0.327,1.092275,41.979855,1.099260,41.989122
L91004011,18/07/91,2,Peramola,357471.341,0.357,1.253518,42.051471,1.261086,42.060253
895153,16/07/95,2,La Pobla de Claramunt,226099.036,0.226,1.640549,41.552158,1.646328,41.561589
2016170056,24/07/16,2,Blanes,352520.519,0.353,2.774753,41.703937,2.782531,41.718812
2015170076,13/07/15,2,PORTBOU,201583.523,0.202,3.156365,42.429497,3.164846,42.434629
2594080,03/07/94,2,Camarasa,1072598.654,1.073,0.852970,41.872471,0.875913,41.885620
4394125,25/06/94,2,la Sènia,2971906.451,2.972,0.299159,40.666411,0.329438,40.686481
2001080130,19/06/01,2,Badalona,676588.257,0.677,2.240316,41.475572,2.249045,41.490654
4394040,01/04/94,2,Cabacés,414437.155,0.414,0.713496,41.242737,0.724905,41.251388
2015250084,11/05/15,2,ELS TORMS,205360.946,0.205,0.738423,41.399145,0.747414,41.405947
894328,04/07/94,2,Cervelló,91459.919,0.091,1.943860,41.394302,1.949563,41.397460
2009250055,14/06/09,2,Balaguer,3124186.402,3.124,0.729204,41.755454,0.757249,41.784308
088600410,04/07/86,2,Olivella,7002582.200,7.003,1.774360,41.313143,1.820409,41.344356
1998430045,12/04/98,2,Els Pallaresos,222335.145,0.222,1.257500,41.166631,1.267974,41.170948
2594166,10/04/94,2,Navès,209150.139,0.209,1.694078,42.008218,1.698689,42.015442
2012250160,02/03/12,2,EL PONT DE SUERT,332899.791,0.333,0.801616,42.432206,0.808751,42.444344
L91023015,01/08/91,2,Oliola,376252.039,0.376,1.123962,41.886224,1.142741,41.898210
T89030002,16/06/89,2,GARCIA,463266.513,0.463,0.664535,41.158722,0.677873,41.173084
088600527,18/08/86,2,Olivella,1630968.177,1.631,1.822905,41.263871,1.854495,41.281349
2012080309,27/06/12,2,PUJALT,427723.277,0.428,1.423462,41.702519,1.431773,41.715426
1998250142,15/07/98,2,La Granja d'Escarp,150817.615,0.151,0.341143,41.385461,0.346745,41.390853
930800362,13/09/93,2,Font-Rubí,7784570.890,7.785,1.603520,41.436662,1.676653,41.470500
2003430072,30/08/03,2,Vespella de Gaià,259926.632,0.260,1.374343,41.194319,1.380800,41.203828
894222,02/07/94,2,Gelida,258708.317,0.259,1.876306,41.427898,1.883788,41.433076
2000080202,29/07/00,2,Olivella,2919734.364,2.920,1.770382,41.307734,1.791172,41.337786
2003080280,11/08/03,2,Gallifa,11901155.940,11.901,2.064129,41.684318,2.109405,41.736540
258600170,27/06/86,2,Artesa de Segre,4781073.078,4.781,0.982039,41.921754,1.023249,41.946478
2007080064,04/07/07,2,Navàs,2265743.492,2.266,1.714913,41.878614,1.736424,41.898515
2007430078,03/12/07,2,Amposta,148438.183,0.148,0.548897,40.666150,0.560127,40.672598
894305,03/07/94,2,Berga,142477.371,0.142,1.857486,42.083753,1.862210,42.089444
2594900,06/04/94,2,Tarrés,440173.517,0.440,1.043290,41.430918,1.056312,41.439680
2012080310,17/07/12,2,CALDERS,295888.123,0.296,1.965738,41.778772,1.976524,41.787864
2003080319,30/08/03,2,Dosrius,97728.947,0.098,2.419976,41.579675,2.425397,41.583729
2002430094,17/09/02,2,Vallclara,306175.598,0.306,0.991903,41.384605,0.997783,41.394135
2006430070,29/07/06,2,La Febró,534742.034,0.535,1.004436,41.284193,1.019104,41.290223
2013080287,24/07/13,2,Sant Mateu de Bages,213619.013,0.214,1.674322,41.841683,1.680737,41.848827
2007430065,06/09/07,2,Pradell de la Teix,4238273.889,4.238,0.856850,41.123273,0.895902,41.146685
B90040027,10/07/90,2,ULLASTRELL,188548.505,0.189,1.965866,41.518035,1.972143,41.523454
2012250161,20/02/12,2,LA TORRE DE CABDELLA,1008370.287,1.008,0.958589,42.454841,0.990506,42.469312
2002250054,22/03/02,2,Alins,559569.051,0.560,1.305413,42.574917,1.323991,42.588860
1998250085,30/07/98,2,Navès,593402.707,0.593,1.654831,42.094341,1.668329,42.104387
2594160,22/08/94,2,Os de Balaguer,778584.486,0.779,0.615078,41.965879,0.632322,41.976333
1999080209,17/07/99,2,Sant Celoni,137191.259,0.137,2.523662,41.700944,2.528754,41.705904
1998080112,22/06/98,2,Gaià,1467297.614,1.467,1.900592,41.904414,1.914124,41.928267
895213,10/07/95,2,Viladecans,299452.497,0.299,2.006119,41.330364,2.013006,41.337828
088600533,18/08/86,2,Terrassa,4117570.381,4.118,1.963362,41.610810,1.999664,41.637707
088600351,17/05/86,2,Navàs,2538616.429,2.539,1.760944,41.840700,1.778512,41.876617
1794059,12/06/94,2,la Jonquera,809828.231,0.810,2.860810,42.403037,2.871748,42.419789
2006170158,06/08/06,2,Capmany,4242401.044,4.242,2.894171,42.318841,2.930967,42.373982
1999080011,05/02/99,2,Isòvol,98927.567,0.099,1.807777,42.372388,1.813570,42.375540
2005250088,30/04/05,2,Castelldans,305476.387,0.305,0.722565,41.483165,0.732747,41.490093
L89005003,15/02/89,2,"EL PONT DE SUERT",3368037.120,3.368,0.783784,42.425549,0.824702,42.464879
2001080120,16/06/01,2,Badalona,372748.115,0.373,2.228317,41.483633,2.238257,41.492819
2014170067,16/03/14,2,Forallac,3828590.990,3.829,3.087328,41.861436,3.114119,41.896547
2009430124,23/07/09,2,Sarral,489133.660,0.489,1.315380,41.480200,1.336345,41.488558
934300138,05/08/93,2,Vespella de Gaià,7402806.053,7.403,1.330739,41.182917,1.386122,41.225017
2010430092,24/05/10,2,Benifallet,305486.443,0.305,0.497710,40.975967,0.505099,40.984530
088600538,18/08/86,2,Aguilar de Segarra,2565782.963,2.566,1.608548,41.723739,1.654036,41.738560
2012430139,04/02/12,2,L'ALBIOL,703866.858,0.704,1.105413,41.246486,1.128241,41.253555
2005080260,21/07/05,2,Martorell,326987.985,0.327,1.910056,41.456931,1.933009,41.465905
088600562,18/08/86,2,Santa Maria d'Oló,2731900.043,2.732,2.115084,41.894440,2.149349,41.913972
934300084,20/07/93,2,Alfara de Carles,5695621.222,5.696,0.410769,40.888141,0.457732,40.917299
2005080298,18/07/05,2,Castellnou de Bages,8266995.296,8.267,1.832218,41.826595,1.881248,41.869083
1999080242,09/08/99,2,Castellví de la Marca,312552.428,0.313,1.576648,41.332220,1.586573,41.339155
2000170165,18/08/00,2,Portbou,258855.272,0.259,3.155382,42.429800,3.165722,42.437237
2006430006,09/03/06,2,Tarragona,286232.471,0.286,1.329856,41.143379,1.340886,41.148340
2005080234,11/07/05,2,Viladecans,644638.936,0.645,2.013577,41.328028,2.026201,41.341719
2011430017,25/02/11,2,Vilalba dels Arcs,118916.319,0.119,0.367435,41.159354,0.373488,41.163158
2010250092,23/05/10,2,Albesa,177114.293,0.177,0.615801,41.764406,0.623381,41.772193
2009430123,24/01/09,2,Bonastre,407866.515,0.408,1.453621,41.221511,1.469253,41.227986
2004250129,29/12/04,2,Coll de Nargó,691744.516,0.692,1.279488,42.202424,1.301666,42.211750
L91023011,17/07/91,2,Cubells,574036.062,0.574,0.984924,41.861601,1.004772,41.877684
178600021,30/06/86,2,El Port de la Selva,2274442.574,2.274,3.263362,42.306990,3.301848,42.335714
2012250163,08/03/12,2,EL PONT DE SUERT,1854155.219,1.854,0.789259,42.357724,0.816117,42.375531
1997080237,13/05/97,2,Sant Pere de Ribes,1329219.702,1.329,1.720496,41.258081,1.754623,41.270158
2004250124,15/11/04,2,Vilaller,126392.303,0.126,0.710704,42.448058,0.716123,42.454406
B91003026,06/08/91,2,Font-Rubí,238005.552,0.238,1.591350,41.437984,1.596249,41.450802
1998080208,28/07/98,2,Barcelona,210144.511,0.210,2.113505,41.407915,2.118663,41.418074
2005430135,04/07/05,2,Tivenys,247281.420,0.247,0.536961,40.939669,0.545733,40.944986
2003170162,12/09/03,2,El Port de la Selva,878056.774,0.878,3.229222,42.286716,3.253751,42.302734
2014430100,15/06/14,2,Tivissa,8926122.652,8.926,0.667802,40.971266,0.715287,41.008635
2004080112,08/08/04,2,Santa Coloma de Gramenet,223648.573,0.224,2.194576,41.468794,2.203579,41.473514
2014080187,26/01/14,2,Tiana,96704.140,0.097,2.275151,41.493182,2.278820,41.497700
2009250097,02/07/09,2,Les Olugues,2297600.452,2.298,1.305002,41.698902,1.349748,41.717181
2006430099,21/06/06,2,Vallclara,1227859.310,1.228,1.011468,41.367977,1.026514,41.385122
4395099,08/07/95,2,El Montmell,328821.905,0.329,1.456561,41.301431,1.464936,41.309117
L91023010,10/07/91,2,Os de Balaguer,2653020.112,2.653,0.610165,41.913640,0.643034,41.936084
2014170069,22/10/14,2,Roses,344201.606,0.344,3.219338,42.237144,3.228063,42.250884
258600207,02/08/86,2,Vinaixa,344354.316,0.344,0.966716,41.450643,0.978614,41.459775
2014430093,14/06/14,2,El PerellÃ³,219582.001,0.220,0.683700,40.885019,0.695937,40.888994
2006250018,15/06/06,2,La Sentiu de Sió,215880.496,0.216,0.843700,41.794730,0.856842,41.800761
2013250072,17/06/13,2,Alfarràs,187994.490,0.188,0.558217,41.835188,0.567515,41.843520
2015250081,08/03/15,2,LES,207072.642,0.207,0.704033,42.822885,0.711895,42.828163
G0880128,16/09/88,2,Pals,1263704.580,1.264,3.152137,41.953024,3.180362,41.966830
2003170093,18/07/03,2,Girona,197937.725,0.198,2.845188,41.974286,2.850912,41.981044
2003170139,14/08/03,2,Llagostera,429100.034,0.429,2.861003,41.843553,2.874855,41.853467
4395178,08/09/95,2,el Montmell,1083206.673,1.083,1.501725,41.336386,1.523363,41.348612
930800153,08/07/1993,2,Mediona,109607.933,0.110,1.639715,41.488215,1.642709,41.494754
2003170013,31/01/03,2,Santa Cristina d'Aro,3992971.621,3.993,2.973447,41.760767,3.001424,41.799722
2000430021,16/12/00,2,Creixell,193542.198,0.194,1.420549,41.179306,1.428389,41.186007
2005080252,15/07/05,2,Navarcles,323122.132,0.323,1.906295,41.769149,1.912807,41.777982
2011430019,19/07/11,2,la Riba,3520650.964,3.521,1.168942,41.286724,1.196145,41.314580
2011250015,27/02/11,2,Tremp,192770.982,0.193,0.903570,42.132364,0.911630,42.140683
2007080057,12/07/07,2,Sallent,1322099.664,1.322,1.913134,41.874123,1.923813,41.896901
2009250111,01/07/09,2,Torrefeta i Florejacs,2143340.799,2.143,1.195295,41.701891,1.251039,41.710728
1998080033,15/03/98,2,Sitges,161628.000,0.162,1.913221,41.274620,1.921048,41.280210
2005250004,04/01/05,2,Gavet de la Conca,97644.868,0.098,0.968575,42.060462,0.974607,42.063446
930800181,19/07/93,2,Castellbisbal,207969.210,0.208,1.969330,41.498399,1.974789,41.504689
894262,29/06/94,2,Montcada i Reixac,300752.742,0.301,2.195398,41.485294,2.204001,41.492391
088600492,05/08/86,2,Martorelles,881422.791,0.881,2.235596,41.530845,2.257960,41.543762
2009430122,15/08/09,2,Montferri,936334.870,0.936,1.369064,41.257516,1.384401,41.271948
894492,01/07/94,2,Calders,2893375.948,2.893,1.984918,41.773795,2.015102,41.801483
2000430055,15/02/00,2,La Fatarella,605328.990,0.605,0.536331,41.101362,0.552034,41.109142
2006430034,06/06/06,2,El Montmell,437800.562,0.438,1.469570,41.329956,1.480385,41.339122
1998250035,15/03/98,2,Sarroca de Bellera,194621.376,0.195,0.856052,42.375785,0.864026,42.381370
930800250,07/08/93,2,Sant Mateu de Bages,289955.336,0.290,1.688334,41.808972,1.696992,41.819631
2594158,13/08/94,2,Camarasa,371803.631,0.372,0.849823,41.860892,0.862850,41.869780
T0880054,03/08/88,2,Pratdip,5976488.500,5.976,0.870751,41.031946,0.938473,41.056008
1998250012,11/02/98,2,La Vall de Boí,833500.663,0.834,0.832820,42.489949,0.856686,42.504005
B91099008,24/07/91,2,Sagàs,1380680.940,1.381,1.942916,41.999414,1.956606,42.021060
438600297,20/07/86,2,Vilanova d'Escornalbou,928617.972,0.929,0.931646,41.116191,0.949072,41.127614
2000250051,18/03/00,2,La Pobla de Cérvoles,242292.691,0.242,0.864393,41.349684,0.870461,41.355557
1795182,25/08/95,2,Portbou,3862721.789,3.863,3.120167,42.426127,3.172749,42.442787
B89003011,15/07/89,2,SUBIRATS,2960444.703,2.960,1.820332,41.391306,1.842029,41.422190
4394077,11/04/94,2,Pradell de la Teixeta,286774.215,0.287,0.896709,41.173529,0.910220,41.178803
L91018012,31/08/91,2,Juncosa,438111.915,0.438,0.736315,41.357810,0.752789,41.368891
2003170003,25/01/03,2,Colera,322524.811,0.323,3.146745,42.395450,3.164369,42.402865
178600103,15/08/86,2,Bescanó,603839.550,0.604,2.706002,41.934749,2.721730,41.947576
895041,11/03/95,2,Santa Margarida i els Monjos,187919.329,0.188,1.676143,41.295150,1.685651,41.299506
2003170098,25/07/03,2,la Jonquera,435871.737,0.436,2.865793,42.428083,2.875229,42.441813
2007430104,04/07/07,2,Mont-roig del Camp,3695224.152,3.695,0.928215,41.018865,0.968327,41.044972
258600171,27/06/86,2,Tiurana,3398797.437,3.399,1.231615,41.947995,1.268404,41.978767
2015170075,21/07/15,2,GIRONA,404794.045,0.405,2.833625,41.973015,2.840897,41.986672
B91007013,18/07/91,2,Sallent,1389817.136,1.390,1.876374,41.772332,1.902897,41.794639
2004170107,14/11/04,2,Girona,154091.018,0.154,2.830012,41.968484,2.836953,41.975242
B91007025,03/08/91,2,Fonollosa,216432.427,0.216,1.627625,41.757191,1.634125,41.763443
2002250008,29/01/02,2,Naut Aran,2842576.868,2.843,0.858807,42.703594,0.888580,42.722829
4394132,11/04/94,2,Ulldecona,731253.480,0.731,0.461242,40.627682,0.476776,40.637371
178600098,09/08/86,2,Massanes,6425341.093,6.425,2.641602,41.776176,2.677177,41.828641
2006080179,02/07/06,2,Santa Coloma de Gramanet,242443.273,0.242,2.198970,41.463602,2.207327,41.471501
2009250096,12/01/09,2,Canejan,1007883.722,1.008,0.757242,42.827420,0.781631,42.836925
T91036019,30/07/91,2,Salou,133397.181,0.133,1.149495,41.078071,1.156001,41.082433
1794185,10/08/94,2,Santa Coloma de Farners,90695177.750,90.695,2.477955,41.717961,2.682838,41.863815
894333,02/08/94,2,Avinyonet del Penedès,285643.141,0.286,1.788867,41.355894,1.794283,41.363349
2012170123,11/08/12,2,GER,2506335.493,2.506,1.839492,42.430751,1.862987,42.453480
4394230,14/09/94,2,La Pobla de Massaluca,65174371.360,65.174,0.259428,41.148558,0.476880,41.229313
894185,29/06/94,2,Jorba,1419426.039,1.419,1.485284,41.622678,1.505048,41.639687
2000250001,18/01/00,2,Vall de Boí,1838518.325,1.839,0.768473,42.499950,0.795307,42.518558
2000250012,07/02/00,2,La Guingueta d'Àneu,410550.978,0.411,1.137287,42.620590,1.145080,42.632477
4394211,25/08/94,2,La Bisbal del Penedès,1300584.098,1.301,1.481476,41.288365,1.504012,41.303353
B89017006,30/05/89,2,"SITGES",218637.069,0.219,1.927452,41.277312,1.934601,41.283886
2000170063,18/03/00,2,Montagut,175980.477,0.176,2.548878,42.322418,2.556201,42.329378
4394194,13/08/94,2,La Pobla de Montornès,936204.339,0.936,1.407575,41.195632,1.420418,41.210269
4395044,29/03/95,2,Prat de Comte,171507.518,0.172,0.397310,40.988036,0.407676,40.991168
2009080285,29/06/09,2,Sant Joan de Vilatorrada,729092.210,0.729,1.800960,41.783804,1.813019,41.800035
2003250105,12/08/03,2,Seròs,17789245.790,17.789,0.325939,41.366283,0.392226,41.414988
1998080173,18/07/98,2,Aguilar de Segarra,153017313.000,153.017,1.368825,41.742380,1.655870,41.917872
4394059,06/04/94,2,Batea,230931.002,0.231,0.257035,41.090841,0.267610,41.097653
4394235,16/09/94,2,Querol,489713.448,0.490,1.426102,41.379921,1.441818,41.386295
2003430060,11/08/03,2,Tortosa,180937.965,0.181,0.572468,40.810319,0.581114,40.814576
2000430110,09/02/00,2,Cabra del Camp,287445.542,0.287,1.289303,41.396279,1.300435,41.402060
2011170019,16/07/11,2,la Bisbal d'Empordà,167131.866,0.167,3.021543,41.922110,3.029404,41.929110
2008250089,17/03/08,2,Tremps,158623.162,0.159,0.902373,42.124074,0.906685,42.130677
1999170057,08/04/99,2,Colera,1591949.605,1.592,3.141361,42.403442,3.162047,42.417387
2000170103,09/07/00,2,Ventalló,284986.398,0.285,3.024207,42.124025,3.033884,42.132358
1997080104,16/07/97,2,Avinyonet del Penedès,778706.266,0.779,1.781420,41.349815,1.805761,41.357849
088600431,06/07/86,2,Castellgalí,2618235.341,2.618,1.791994,41.674046,1.835856,41.698835
L90004012,09/08/90,2,COLL DE NARGÓ,347081.288,0.347,1.242248,42.162028,1.254807,42.168652
2000170116,01/08/00,2,Maçanet de la Selva,252933.992,0.253,2.721504,41.743383,2.727458,41.753428
2012170124,22/07/12,2,LA JONQUERA,104980900.500,104.981,2.822878,42.255747,2.969125,42.458869
2012250166,08/03/12,2,BAIX PALLARS,3777883.582,3.778,1.046526,42.319384,1.086132,42.345548
2006170136,03/08/06,2,Sant Climent Sescebes,2830121.524,2.830,2.969776,42.358040,2.996197,42.394738
L89004001,27/01/89,2,EL PONT DE BAR,82640.769,0.083,1.615601,42.391736,1.619578,42.395769
2003430059,11/08/03,2,Selva del Camp,244850.745,0.245,1.107281,41.234413,1.112636,41.242065
T91030016,31/08/91,2,Tivissa,313684.759,0.314,0.724836,40.975730,0.737696,40.980119
2009250094,22/03/09,2,Lladorre,838072.022,0.838,1.272423,42.614153,1.289935,42.623894
2594108,17/07/94,2,Torà,2955722.205,2.956,1.443446,41.840634,1.471239,41.872583
438600298,20/07/86,2,Tortosa,8903632.822,8.904,0.552352,40.830199,0.614824,40.888068
2006250111,11/07/06,2,Bassella,1428708.166,1.429,1.318701,42.027249,1.344607,42.041905
1794504,03/07/94,2,Fontanals de Cerdanya,1395761.183,1.396,1.922250,42.386426,1.955549,42.400136
2013430120,29/07/13,2,Miravet,294695.790,0.295,0.567327,41.060753,0.577010,41.068425
924300035,17/04/92,2,el Montmell,8355268.601,8.355,1.415888,41.277138,1.467636,41.316207
894509,04/07/94,2,Casserres,229643349.800,229.643,1.671723,41.937355,2.036029,42.115259
2594129,14/08/94,2,Pinós,80779.478,0.081,1.497986,41.807492,1.501929,41.810442
1999250107,20/12/99,2,Les Valls d'Aguilar,142088.720,0.142,1.197247,42.344224,1.203586,42.348346
2594039,03/04/94,2,Maials,93888.634,0.094,0.538080,41.324527,0.543281,41.329258
2014250068,17/07/14,2,Sant Guim de la Plana,461524.498,0.462,1.351114,41.749383,1.360626,41.758288
930800140,29/06/93,2,Castellbisbal,802441.647,0.802,1.966946,41.480397,1.982790,41.490947
2015430119,22/10/15,2,EL PINELL DE BRAI,203214.146,0.203,0.491055,41.001596,0.501253,41.006553
B90003017,27/07/90,2,TORRELAVIT,93954.359,0.094,1.719993,41.459844,1.723585,41.464816
2010080165,29/07/10,2,Viladecans,439781.772,0.440,2.003835,41.323604,2.013862,41.338040
2003170157,29/08/03,2,Castell- Platja d'Aro,3325091.116,3.325,3.032585,41.816201,3.070233,41.846366
2016080237,26/09/16,2,Esplugues de Llobregat,119737.602,0.120,2.092247,41.387259,2.097704,41.393468
4394146,07/07/94,2,Vilanova d'Escornalbou,1102772.655,1.103,0.932014,41.116542,0.960711,41.128597
088600540,19/08/86,2,Avinyonet del Penedès,1789642.142,1.790,1.797654,41.344885,1.819959,41.371784
4394109,12/06/94,2,la Bisbal de Falset,833875.915,0.834,0.721611,41.281979,0.742262,41.291435
4397009,26/02/97,2,Vandellós-Hospitalet de l'Infant,669399.128,0.669,0.871821,40.958216,0.886992,40.969447
4395191,08/11/95,2,Horta de Sant Joan,993275.331,0.993,0.358825,40.948737,0.379405,40.964746
2016080155,18/07/16,2,Sant Feliu Sasserra,895375.209,0.895,2.008871,41.921799,2.025551,41.936313
438600283,06/07/86,2,L'Argentera,11050649.480,11.051,0.860302,41.112456,0.910592,41.165552
894549,04/07/94,2,Collbató,31716803.440,31.717,1.815140,41.553181,1.938431,41.617897
2005080219,05/07/05,2,Barcelona,87705.315,0.088,2.151686,41.441439,2.158598,41.445686
4394189,12/08/94,2,Vandellós-Hospitalet de l'Infant,806106.857,0.806,0.833515,40.965861,0.844539,40.980404
4394188,11/08/94,2,Riudecanyes,1748395.179,1.748,0.947820,41.129316,0.974133,41.148057
2010170107,28/07/10,2,Colomers,1246423.585,1.246,2.961398,42.091613,2.983305,42.113674
894418,11/08/94,2,Barcelona,120908.578,0.121,2.131914,41.419531,2.138196,41.424696
1998430175,20/12/98,2,La Sénia,444077.300,0.444,0.269406,40.647426,0.282326,40.657667
2004170080,26/09/04,2,Torroella de Montgrí,6067921.482,6.068,3.101082,42.045698,3.143969,42.077249
088600531,18/08/86,2,Vacarisses,9771923.941,9.772,1.851321,41.574939,1.921450,41.613528
931700058,21/08/1993,2,Santa Cristina d'Aro,197326.364,0.197,2.930535,41.817540,2.937466,41.825194
2000080174,14/07/00,2,Torrelles de Foix,900050.096,0.900,1.587172,41.414270,1.614596,41.427389
G0870016,17/07/87,2,Llagostera,1058126.537,1.058,2.932184,41.794530,2.952398,41.822363
1999430034,22/02/99,2,Garcia,508353.258,0.508,0.684574,41.140677,0.694726,41.151088
2009250056,25/06/09,2,Oliola,171546.069,0.172,1.214666,41.871702,1.220676,41.876475
2001080145,23/06/01,2,Castelldefels,322005.956,0.322,1.937241,41.274984,1.948040,41.280588
4394174,27/07/94,2,Sarral,4491698.482,4.492,1.258770,41.421062,1.298877,41.453696
894470,21/08/94,2,Castellbell i el Vilar,3357068.411,3.357,1.871612,41.615537,1.897965,41.646866
2007170152,09/11/07,2,Cantallops,100502.181,0.101,2.914186,42.410583,2.920873,42.414411
2009430125,20/07/09,2,Horta de Sant Joan,9420711.955,9.421,0.312839,40.917364,0.376262,40.963768
2001170129,13/08/01,2,Vilopriu,286868.838,0.287,2.967273,42.099804,2.980276,42.106558
2012080313,19/07/12,2,SANT FELIU SASSERRA,3318713.733,3.319,1.992853,41.930732,2.037333,41.989825
894401,22/08/94,2,Talamanca,189777.894,0.190,1.899206,41.734174,1.907083,41.739753
894287,20/07/94,2,Torrelles de Foix,1591872.367,1.592,1.564729,41.426157,1.582137,41.445085
2003080296,14/08/03,2,Badalona,353955.038,0.354,2.217151,41.471055,2.226181,41.478920
2009080284,22/06/09,2,Sant Mateu de Bages,1943427.981,1.943,1.635842,41.855621,1.663588,41.869866
894494,04/07/94,2,Castellbisbal,13912003.090,13.912,1.920628,41.480926,2.009111,41.530069
2015430118,29/08/15,2,CORNUDELLA DE MONTSANT,294895.803,0.295,0.877303,41.268285,0.885597,41.280168
1796052,09/07/96,2,Ventalló,198550.028,0.199,3.028579,42.132518,3.032511,42.143777
894306,03/07/94,2,Bigues i Riells,24122724.930,24.123,2.170901,41.686563,2.283117,41.739357
T91037005,21/08/91,2,Horta de Sant Joan,1490795.189,1.491,0.351616,40.962215,0.375438,40.976889
1997430093,10/10/97,2,El Montmell,1819730.157,1.820,1.498203,41.321696,1.518342,41.343334
1999430036,22/02/99,2,Valls,2633932.560,2.634,1.193022,41.312146,1.226871,41.333840
2012170121,22/07/12,2,PORTBOU,456537.451,0.457,3.159652,42.429656,3.172421,42.436186
G89015003,24/03/89,2,FONTANALS DE CERDANYA,1151822.190,1.152,1.922349,42.376546,1.941366,42.390400
2013080288,28/07/13,2,Vallirana,768022.849,0.768,1.935573,41.362191,1.959224,41.371587
894496,11/08/94,2,Sant Cugat del Vallès,1097850.328,1.098,2.069592,41.431709,2.102761,41.443153
2005430185,22/08/05,2,La Pobla de Massaluca,1059351.066,1.059,0.367098,41.217806,0.392012,41.228432
2004430113,15/11/04,2,Ulldecona,570384.054,0.570,0.510804,40.598568,0.525128,40.608966
1999430038,22/02/99,2,La Torre de Fontaubella,360652.469,0.361,0.840109,41.119849,0.852741,41.125200
2003080254,06/08/03,2,Els Hostalets de Pierola,769183.685,0.769,1.808497,41.511773,1.826039,41.527690
2596007,29/02/96,2,Montferrer i Castellbò,102660.847,0.103,1.315594,42.355917,1.320753,42.360696
2016430090,22/07/16,2,Els Pallaresos,112972.466,0.113,1.255441,41.161333,1.260737,41.165317
2005250099,18/05/05,2,Torres de Segre,153334.947,0.153,0.518199,41.543621,0.533557,41.551374
2002080141,22/07/02,2,Montcada i Reixach,176036.174,0.176,2.202871,41.481558,2.209785,41.488526
2005080094,03/03/05,2,Marganell,147813.658,0.148,1.790635,41.642203,1.795987,41.648545
2003170151,23/08/03,2,Girona,122771.387,0.123,2.838538,41.975856,2.842770,41.981486
2594174,23/08/94,2,Vilanova de l'Aguda,5300193.310,5.300,1.236907,41.921661,1.277498,41.964075
G91002008,14/07/91,2,el Port de la Selva,1731543.218,1.732,3.208348,42.306080,3.242156,42.336905
2594175,23/08/94,2,Ponts,25470191.220,25.470,1.135843,41.925806,1.237295,41.995466
1998250140,18/07/98,2,Bassella,1573214.209,1.573,1.294019,41.979125,1.311202,41.999504
1998430064,12/06/98,2,Benifallet,5039471.351,5.039,0.508514,40.935918,0.566156,40.963547
1998080176,18/07/98,2,Gavà,227407.394,0.227,1.944916,41.292944,1.950934,41.299471
2000080203,29/07/00,2,Olèrdola,855674.007,0.856,1.753464,41.333576,1.780108,41.348713
2011430018,29/06/11,2,el Vendrell,107507.170,0.108,1.549008,41.192196,1.554044,41.196921
2000430091,14/07/00,2,Vandellós-Hospitalet de l'Infant,231066.100,0.231,0.888556,40.971709,0.897675,40.978103
4394078,11/04/94,2,Mont-Roig del Camp,384487.572,0.384,0.946419,41.049149,0.965891,41.057596
T0870029,02/07/87,2,Querol,584946.640,0.585,1.439099,41.444410,1.452530,41.459432
2007080076,04/08/07,2,Navàs,353840.739,0.354,1.852959,41.909971,1.860635,41.922869
088600432,06/07/86,2,Sant Vicenç de Castellet,2473546.203,2.474,1.861091,41.667668,1.895411,41.688647
088600576,18/08/86,2,El Bruc,2519133.409,2.519,1.735729,41.567278,1.768543,41.583048
4394064,07/04/94,2,Salou,248008.343,0.248,1.159323,41.073606,1.168872,41.078581
2001080301,08/09/01,2,Sant Fruitós de Bages,292495.591,0.292,1.877815,41.721582,1.890417,41.726634
4395000,02/03/95,2,Vandellós-Hospitalet de l'Infant,1338115.751,1.338,0.819528,40.943184,0.856261,40.956002
G89031009,14/02/89,2,RIBES DE FRESER,1092027.669,1.092,2.146324,42.288340,2.166577,42.306778
2016170039,01/05/16,2,LlanÃ§à,122809.433,0.123,3.142232,42.364648,3.148270,42.368777
2005250132,22/07/05,2,Bassella,91406.822,0.091,1.294953,42.001351,1.300988,42.004767
4397002,13/02/97,2,L'Espluga de Francolí,236312.252,0.236,1.128802,41.412558,1.138680,41.419264
894326,24/06/94,2,Tiana,665460.287,0.665,2.257570,41.494965,2.270663,41.505587
4394162,17/07/94,2,Margalef,17734641.500,17.735,0.760169,41.289347,0.836540,41.352488
2007430096,29/07/07,2,La Fatarella,278563.674,0.279,0.537280,41.098400,0.545735,41.105479
1999170113,23/07/99,2,Biure,414597.615,0.415,2.904613,42.336988,2.913115,42.347345
4394236,16/09/94,2,Rodonyà,13634965.450,13.635,1.426409,41.210977,1.480767,41.289746
894078,09/04/94,2,Subirats,1039828.411,1.040,1.811310,41.405194,1.828217,41.418243
2595010,24/02/95,2,Almatret,231556.782,0.232,0.360962,41.323208,0.371669,41.326876
1998430180,12/06/98,2,Mont-Ral,401398.288,0.401,1.108486,41.278413,1.118851,41.284774
2012430138,06/01/12,2,AMPOSTA,100205.243,0.100,0.572790,40.660935,0.577844,40.666518
4394068,08/04/94,2,Amposta,298028.676,0.298,0.549178,40.663945,0.560580,40.672377
T89001006,25/07/89,2,AIGUAMÚRCIA,800874.028,0.801,1.431662,41.361209,1.450930,41.370944
G90019004,21/03/90,2,LA VALL D'EN BAS,131522.611,0.132,2.385543,42.148516,2.392811,42.152110
1999250121,20/02/99,2,El Pont de Suert,153925.764,0.154,0.720456,42.432275,0.728762,42.437668
T0880052,03/08/88,2,Mont-roig del Camp,2170475.589,2.170,0.926308,41.016434,0.958657,41.037010
4397110,06/05/97,2,Cunit,350790.380,0.351,1.634132,41.206454,1.648777,41.212216
4394058,06/04/94,2,Gandesa,414385.071,0.414,0.459545,41.042442,0.469623,41.049952
2012170120,24/08/12,2,MADREMANYA,2233382.346,2.233,2.941704,42.001865,2.957790,42.044856
931700127,15/09/93,2,Santa Cristina d'Aro,1111896.168,1.112,2.964210,41.855391,2.990111,41.872283
894164,21/06/94,2,Pobla de Claramunt,882958.574,0.883,1.652395,41.554824,1.673195,41.562708
T0880051,03/08/88,2,Vila-Seca,842348.081,0.842,1.147457,41.072996,1.173194,41.085627
258600181,06/07/86,2,Sant Guim de Freixenet,78714336.730,78.714,1.438696,41.609794,1.658706,41.728045
2594096,23/06/94,2,Coll de Nargó,1838129.787,1.838,1.288328,42.149313,1.311763,42.164269
895161,23/07/95,2,Teià,366487.123,0.366,2.317359,41.509705,2.325729,41.517371
B89003022,31/07/89,2,FONT-RUBÍ,1011949.099,1.012,1.591571,41.437182,1.602710,41.461150
2014250070,21/06/14,2,Bellcaire d'Urgell,1231144.520,1.231,0.879458,41.782922,0.898970,41.799584
2005430075,10/04/05,2,Les Borges del Camp,1124010.102,1.124,1.005522,41.180823,1.026027,41.199616
894363,10/08/94,2,Palafolls,934591.681,0.935,2.720811,41.661623,2.741651,41.681919
2003080128,26/06/03,2,Monistrol de Calders,139048.457,0.139,2.028869,41.780410,2.032522,41.786266
2006250086,08/08/06,2,El Vilosell,154647.905,0.155,0.935223,41.377507,0.947245,41.380856
L91032002,16/07/91,2,Ribera d'Ondara,879184.936,0.879,1.355411,41.629101,1.367810,41.644021
2005080355,05/07/05,2,Castellbisbal,2061537.443,2.062,1.955327,41.473717,1.977882,41.497950
088600578,18/08/86,2,Castellolí,41994885.990,41.995,1.710749,41.584698,1.852477,41.664288
B91007023,31/07/91,2,Rajadell,769279.816,0.769,1.709039,41.730036,1.739280,41.737801
4397085,16/08/97,2,Pontils,125875.269,0.126,1.369491,41.487752,1.374026,41.493409
B89007008,28/06/89,2,SANT MATEU DE BAGES,121493.733,0.121,1.721904,41.834340,1.728252,41.838163
2001080334,11/11/01,2,Sant Pol de Mar,656919.864,0.657,2.608265,41.605451,2.631100,41.618198
2003430055,05/08/03,2,Alcover,2329559.624,2.330,1.162017,41.278253,1.179188,41.306471
2005080047,07/03/05,2,Viladecans,114648.346,0.115,2.054602,41.281019,2.059436,41.287304
2005430090,30/03/05,2,Riudecanyes,415784.878,0.416,0.957672,41.133613,0.969386,41.141281
1998250078,20/07/98,2,Massoteres,5751675.392,5.752,1.249348,41.808065,1.316501,41.858217
934300059,13/06/93,2,El Vendrell,3624978.626,3.625,1.469963,41.205317,1.501021,41.227165
L90025021,12/08/90,2,TREMP,228425.381,0.228,0.846234,42.248819,0.855706,42.254241
2005080308,19/06/05,2,Talamanca,7271799.738,7.272,1.917893,41.710381,1.956053,41.753371
G89010008,04/07/89,2,PALAMÓS,155086.306,0.155,3.114674,41.876917,3.121032,41.881574
B89017010,03/07/89,2,VILANOVA I LA GELTRÚ,234905.133,0.235,1.686836,41.246036,1.692134,41.257078
1794084,05/07/94,2,Llagostera,424877.841,0.425,2.862160,41.781860,2.871191,41.791857
2016170048,19/07/16,2,VilobÃ­ d'Onyar,184428.633,0.184,2.707394,41.864409,2.711662,41.873960
2016430096,05/08/16,2,La Pobla de MontornÃ¨s,5343897.590,5.344,1.391413,41.197786,1.429160,41.232331
4395185,27/08/95,2,Benifallet,48268759.550,48.269,0.564697,40.880784,0.680054,40.972206
2016250032,23/06/16,2,Vallbona de les Monges,1010746.129,1.011,1.116742,41.508539,1.137135,41.530502
2006170164,04/08/06,2,Terrades,2038585.023,2.039,2.834254,42.277792,2.854889,42.301866
2005080300,25/01/05,2,Sant Salvador de Guardiola,110996.922,0.111,1.776783,41.673693,1.784221,41.677351
2011170018,23/05/11,2,Sant Climent Sescebes,310000.179,0.310,2.956030,42.397122,2.966365,42.408602
894060,09/04/94,2,Sitges,1351357.026,1.351,1.861856,41.241310,1.897201,41.256390
G91020004,01/07/91,2,Madremanya,335114.196,0.335,2.973989,41.991744,2.978821,42.006831
1794126,15/07/94,2,Llagostera,1245762.591,1.246,2.920645,41.786502,2.938682,41.809208
2005080235,14/07/05,2,Sant Quirze de Safaja,347645.021,0.348,2.170448,41.724175,2.177141,41.734526
932500006,04/03/1993,2,La Vall de Boí,825360.557,0.825,0.841505,42.522571,0.862629,42.533271
894196,20/06/94,2,Barcelona,378385.310,0.378,2.147771,41.442163,2.159401,41.451209
2011250016,12/07/11,2,Balaguer,369292.750,0.369,0.789106,41.804233,0.804722,41.813978
894234,04/07/94,2,Sabadell,3713762.953,3.714,2.123510,41.563882,2.171011,41.582645
2012080308,02/03/12,2,TORRELLES DE FOIX,129420.047,0.129,1.605591,41.415495,1.609647,41.421181
4394163,17/07/94,2,Alcover,3793720.665,3.794,1.156407,41.295927,1.196528,41.316532
088600506,14/08/86,2,El Bruc,316923.992,0.317,1.735893,41.583877,1.745501,41.589512
2002250122,06/08/02,2,Almatret,284130.638,0.284,0.388273,41.343680,0.398071,41.348935
2002080139,21/07/02,2,El Bruc,234254.372,0.234,1.804932,41.584196,1.810618,41.594355
T0870048,16/08/87,2,La Febró,1087398.486,1.087,0.967279,41.260336,0.984684,41.282713
894233,04/07/94,2,Terrassa,3462975.538,3.463,2.039184,41.516513,2.082423,41.534921
2009250095,02/07/09,2,Oliola,1118606.153,1.119,1.124830,41.851580,1.146801,41.868776
178600065,19/07/86,2,Llers,1140850.896,1.141,2.901078,42.299255,2.936390,42.317347
894006,24/01/94,2,Teià,115271.742,0.115,2.325455,41.504168,2.329958,41.508460
2007430073,29/08/07,2,Riba-Roja d'Ebre,963498.926,0.963,0.438349,41.252020,0.459105,41.266795
1794049,10/06/94,2,El Port de la Selva,418981.214,0.419,3.204732,42.326184,3.215946,42.334526
G0880092,21/08/88,2,Cadaqués,5792587.861,5.793,3.224302,42.290862,3.270124,42.323309
894370,10/08/94,2,Mediona,4064064.416,4.064,1.616756,41.467153,1.661485,41.487335
4395080,30/05/95,2,Querol,812297.692,0.812,1.453537,41.437083,1.471106,41.447551
B89013002,18/07/89,2,BADALONA,1520963.235,1.521,2.226638,41.482384,2.248297,41.497456
B89040019,18/07/89,2,SANT QUIRZE DEL VALLÀS,164748.541,0.165,2.050899,41.533553,2.057521,41.539852
4394048,02/04/94,2,Albinyana,613762.227,0.614,1.464530,41.239224,1.479957,41.247650
2596060,26/07/96,2,Camarasa,3733446.201,3.733,0.888317,41.873788,0.917141,41.905354
2003250060,01/07/03,2,Ossó de Sió,13778974.090,13.779,1.157189,41.746997,1.285661,41.788410
894117,03/06/94,2,Vilassar de Dalt,132813.107,0.133,2.343397,41.513264,2.351204,41.517079
4394127,25/06/94,2,Prat de Comte,83878.344,0.084,0.428451,40.980636,0.434642,40.984368
2007250092,13/05/07,2,Almenar,110872.518,0.111,0.585668,41.801325,0.593006,41.807386
2009250099,17/07/09,2,Cervera,3454564.017,3.455,1.253163,41.693900,1.313106,41.710060
2000170131,06/08/00,2,Garriguella,58558308.160,58.558,3.073288,42.287380,3.213324,42.394882
B90011009,15/05/90,2,CASTELLDEFELS,121535.779,0.122,1.954435,41.279087,1.960498,41.285807
922500022,21/03/92,2,Soriguera,525158.087,0.525,1.195626,42.375681,1.210783,42.382269
2010080166,28/07/10,2,CastellBell i el Vilar,266198.421,0.266,1.873439,41.642476,1.881216,41.650838
T91009011,23/12/91,2,Tortosa,1982549.716,1.983,0.586012,40.812229,0.607643,40.835473
B90040004,26/03/90,2,ULLASTRELL,122149.085,0.122,1.960134,41.519586,1.966419,41.524098
2010080167,29/08/10,2,Olivella,643335.993,0.643,1.778111,41.299836,1.786060,41.315849
B89040010,15/07/89,2,CALDES DE MONTBUI,141566.768,0.142,2.143926,41.660829,2.149976,41.666212
2005430160,22/09/05,2,Pradell de la Teixeta,209708.100,0.210,0.879602,41.142374,0.888817,41.149383
1794372,10/08/94,2,Gualba,90695177.750,90.695,2.477955,41.717961,2.682838,41.863815
4395091,09/07/95,2,Tarragona,1455681.849,1.456,1.298886,41.140957,1.350113,41.153377
2005170093,15/07/05,2,Caldes de Malavella,704722.197,0.705,2.771001,41.840392,2.779121,41.858643
2005430122,26/05/05,2,Margalef,4350915.183,4.351,0.726931,41.296964,0.763883,41.335008
894546,02/07/94,2,La Pobla de Lillet,67631.461,0.068,2.023358,42.218042,2.027319,42.221199
2003250048,21/06/03,2,Les Avellanes i Santa Linya,959486.064,0.959,0.767412,41.888256,0.789793,41.906162
894216,30/06/94,2,Mura,226114.956,0.226,1.990637,41.708875,1.997629,41.716275
2016170060,06/08/16,2,"Saus, Camallera i Llampaies",988148.660,0.988,2.987458,42.105198,2.997920,42.130926
894398,22/08/94,2,Sant Llorenç Savall,936253.470,0.936,2.032151,41.681163,2.046973,41.693324
2012250156,16/01/12,2,LES,189552.819,0.190,0.677531,42.821234,0.684338,42.826445
2006430100,13/06/06,2,Alforja,288661.559,0.289,0.974964,41.222977,0.982077,41.230891
2006170151,07/08/06,2,Cabanelles,313159.180,0.313,2.831473,42.195807,2.841739,42.212480
B91007026,05/08/91,2,Manresa,197293.972,0.197,1.863246,41.700330,1.868807,41.710441
2001250054,01/08/01,2,La Floresta,107057.507,0.107,0.926390,41.498256,0.936054,41.502038
894550,04/07/94,2,Canyelles,11553258.450,11.553,1.708596,41.276563,1.777090,41.334861
178600064,19/07/86,2,La Jonquera,152536601.100,152.537,2.823352,42.303808,3.126175,42.466989
2597022,18/03/97,2,Les,166560.161,0.167,0.709409,42.822285,0.717468,42.828678
2003080252,06/08/03,2,Subirats,139062.209,0.139,1.836863,41.413360,1.840763,41.419216
T90030006,15/04/90,2,LA PALMA D'EBRE,989097.668,0.989,0.639051,41.232294,0.685140,41.250001
2015080225,26/07/15,2,ÒDENA,12658553.690,12.659,1.663207,41.620782,1.759115,41.660365
2006430101,10/04/06,2,Vandellós-Hospitalet de l'Infant,11769059.730,11.769,0.837565,40.946873,0.890766,40.998338
438602924,16/07/86,2,El Montmell,6690412.805,6.690,1.457115,41.300730,1.504533,41.331957
2013430116,19/09/13,2,Tivissa,1659136.576,1.659,0.698193,41.057543,0.738024,41.070834
4394150,07/07/94,2,Vandellós-Hospitalet de l'Infant,132752.737,0.133,0.882762,40.972103,0.889584,40.976658
B90040040,26/07/90,2,SANT QUIRZE DEL VALLÀS,283768.436,0.284,2.043475,41.522122,2.051278,41.528424
2003170133,13/08/03,2,Llagostera,230526.017,0.231,2.876404,41.825328,2.886323,41.836596
2010250090,15/03/10,2,Bausen,1215525.194,1.216,0.690750,42.835607,0.714778,42.846664
2012430142,24/08/12,2,AIGUAMÚRCIA,380373.352,0.380,1.485671,41.381165,1.494613,41.391658
T91036016,23/07/91,2,Constantí,265543.587,0.266,1.197928,41.133037,1.207869,41.141108
T89029001,17/02/89,2,ULLDEMOLINS,230400.237,0.230,0.874264,41.335865,0.882537,41.341414
2015430116,09/06/15,2,FALSET,244914.697,0.245,0.810260,41.174477,0.817088,41.180995
2011170020,13/08/11,2,Rabós,938156.300,0.938,3.028622,42.361999,3.038343,42.381586
2005430186,22/08/05,2,Riba-Roja d'Ebre,5758869.918,5.759,0.400718,41.213828,0.477283,41.238151
2003080273,10/08/03,2,Sant Llorenç Savall,31529387.720,31.529,2.005005,41.665515,2.071366,41.759760
894074,07/04/94,2,Subirats,1039828.411,1.040,1.811310,41.405194,1.828217,41.418243
2003080117,24/06/03,2,Masquefa,246164.513,0.246,1.787424,41.490706,1.798865,41.494755
1795187,29/08/95,2,Garrigoles,120258.531,0.120,3.026151,42.114956,3.031290,42.121937
932500042,22/07/93,2,Coll de Nargó,59470.393,0.059,1.230353,42.163840,1.233737,42.166779
2003170112,07/08/03,2,Maçanet de la Selva,734179.984,0.734,2.688157,41.781523,2.700789,41.793462
B90040029,12/07/90,2,MONTCADA I REIXAC,144713.056,0.145,2.195121,41.479721,2.203250,41.484652
1795082,09/05/95,2,Brunyola,122147.681,0.122,2.669183,41.898557,2.674014,41.904187
T91029009,30/07/1991,2,la Figuera,828495.474,0.828,0.717568,41.199142,0.740697,41.215654
2009250141,27/05/09,2,La Portella,282896.112,0.283,0.655143,41.726017,0.665917,41.739224
178600108,17/08/86,2,Palol de revardit,710288.060,0.710,2.777990,42.057825,2.812092,42.077246
2008250087,08/05/08,2,Almenar,535710.845,0.536,0.590713,41.779624,0.612703,41.799271
2001250037,26/06/01,2,Estaràs,593624.377,0.594,1.386733,41.720324,1.406636,41.732946
B91014014,31/07/91,2,Santa Maria de Merlès,71396.000,0.071,1.954917,41.948844,1.961556,41.951537
4396095,09/10/96,2,Pradell de la Teix,1031858.779,1.032,0.833431,41.125421,0.851300,41.139636
2011170016,11/05/11,2,Sant Climent Sescebes,210424.615,0.210,2.962108,42.397572,2.969098,42.405452
B90007020,20/08/90,2,NAVÀS,388273.010,0.388,1.729613,41.869644,1.742347,41.877659
2013250090,5/11/13,2,La Granja d'Escarp,138108.176,0.138,0.362177,41.419017,0.369516,41.423110
